Scale Card Number,Sampler,Sample week,Date,Stat week,Subdistrict,Subarea name,Subarea,Fishery (State/Fed),Gear,Wheel #,Whole Fish (Y/N),ME-Fork length,ME-A.fin length,Fish Number,Sex ,Tag Number,Adipose Fin Present (Y/N),Age,Error Code,Notes
CS001,DeLaune/Williams/Farnham,0,6/1/2019,22,GSD,Bridge to Tonsina,BT,S,FW,70,Y,384,302,1,M,,Y,2.3,,
CS001,DeLaune/Williams/Farnham,0,6/1/2019,22,GSD,Bridge to Tonsina,BT,S,DN,,Y,757,590,2,M,,Y,1.3,,
CS001,DeLaune/Williams/Farnham,0,6/1/2019,22,GSD,Bridge to Tonsina,BT,S,DN,,Y,757,560,3,F,,Y,1.1,,
CS001,DeLaune/Williams/Farnham,0,6/1/2019,22,GSD,Bridge to Tonsina,BT,S,DN,,Y,874,639,4,F,,Y,2.3,,
CS001,DeLaune/Williams/Farnham,0,6/1/2019,22,GSD,Bridge to Tonsina,BT,S,DN,,Y,859,651,5,M,,Y,1.3,,
CS001,DeLaune/Williams/Farnham,0,6/1/2019,22,GSD,Bridge to Tonsina,BT,S,DN,,Y,799,591,6,M,,Y,,3,
CS001,DeLaune/Williams/Farnham,0,6/1/2019,22,GSD,Bridge to Tonsina,BT,S,DN,,Y,728,553,7,M,,Y,1.3,,
BS001,DeLaune,0,6/1/2019,22,GSD,Bridge to Tonsina,BT,S,DN,,Y,765,570,1,M,,Y,,3,
BS001,DeLaune,0,6/1/2019,22,GSD,Bridge to Tonsina,BT,S,DN,,Y,810,618,2,F,,Y,1.3,,
BS002,DeLaune,0,6/2/2019,23,GSD,Bridge to Tonsina,BT,S,DN,,Y,723,574,1,F,,Y,1.3,,
BS002,DeLaune,0,6/2/2019,23,GSD,Bridge to Tonsina,BT,S,DN,,Y,726,567,2,M,,Y,1.3,,
BS002,DeLaune,0,6/2/2019,23,GSD,Bridge to Tonsina,BT,S,DN,,Y,583,457,2,M,,Y,1.3,,
AS001,Williams,0,6/2/2019,23,GSD,Bridge to Tonsina,BT,S,DN,,Y,832,625,1,F,,Y,1.3,,
AS001,Williams,0,6/2/2019,23,GSD,Bridge to Tonsina,BT,S,DN,,Y,823,620,2,F,,N,,3,Missing Ad Fin but did not retain head for CWT recovery
MS001,Other,1,6/3/2019,23,GSD,Bridge to Tonsina,BT,S,FW,70,Y,368,280,1,M,,Y,1.1,,
MS001,Other,1,6/3/2019,23,GSD,Bridge to Tonsina,BT,S,FW,70,Y,390,298,2,M,,Y,,3,
CS002,Farnham,1,6/4/2019,23,GSD,Bridge to Tonsina,BT,S,FW,67,Y,861,681,1,M,,Y,1.5,,
CS002,Farnham,1,6/4/2019,23,GSD,Bridge to Tonsina,BT,S,FW,67,Y,796,593,2,F,,Y,1.3,,
CS002,Farnham,1,6/4/2019,23,GSD,Bridge to Tonsina,BT,S,FW,67,Y,837,651,3,F,,Y,1.3,,
CS002,Farnham,1,6/4/2019,23,GSD,Bridge to Tonsina,BT,F,FW,68,Y,881,664,4,F,,Y,1.4,,
CS002,Farnham,1,6/4/2019,23,GSD,Bridge to Tonsina,BT,F,FW,68,Y,904,702,5,F,,Y,1.4,,
CS002,Farnham,1,6/4/2019,23,GSD,Bridge to Tonsina,BT,F,FW,68,Y,789,625,6,F,,Y,1.3,,3 scales only
CS002,Farnham,1,6/4/2019,23,GSD,Bridge to Tonsina,BT,F,FW,68,Y,841,634,7,F,,Y,1.4,,3 scales only
CS002,Farnham,1,6/4/2019,23,GSD,Bridge to Tonsina,BT,F,FW,68,Y,901,699,8,F,,Y,1.4,,
CS002,Farnham,1,6/4/2019,23,GSD,Bridge to Tonsina,BT,F,FW,68,Y,781,612,9,F,,Y,,3,
CS003,Farnham,1,6/6/2019,23,GSD,Tonsina to Gakona,TG,F,FW,17,Y,695,531,1,M,,Y,,3,
CS003,Farnham,1,6/6/2019,23,GSD,Tonsina to Gakona,TG,F,FW,17,Y,701,542,2,F,,Y,,3,
BS003,DeLaune,1,6/6/2019,23,GSD,Bridge to Tonsina,BT,S,DN,,Y,890,674,1,M,,Y,1.4,,
BS003,DeLaune,1,6/6/2019,23,GSD,Bridge to Tonsina,BT,S,DN,,Y,856,656,2,M,,Y,1.3,,
BS003,DeLaune,1,6/6/2019,23,GSD,Bridge to Tonsina,BT,S,DN,,Y,587,447,3,F,,Y,1.3,,
BS003,DeLaune,1,6/6/2019,23,GSD,Bridge to Tonsina,BT,S,DN,,Y,605,457,4,M,,Y,1.3,,
AS002,Williams,1,6/6/2019,23,CSD,Below Bridge,BB,S,DN,,Y,833,625,1,M,,Y,,4,
AS002,Williams,1,6/6/2019,23,CSD,Below Bridge,BB,S,DN,,Y,780,580,2,F,,Y,1.2,,
AS002,Williams,1,6/6/2019,23,CSD,Below Bridge,BB,S,DN,,Y,800,580,3,F,,Y,,3,
MP001,Other,1,6/7/2019,23,CSD,Below Bridge,BB,S,DN,,Y,807,620,1,F,,Y,1.3,,
MP001,Other,1,6/7/2019,23,CSD,Below Bridge,BB,S,DN,,Y,791,600,2,M,6008,Y,,3,
MP001,Other,1,6/7/2019,23,CSD,Below Bridge,BB,S,DN,,N,N/D,N/D,3,F,,Y,1.3,,
MS002,Other,1,6/7/2019,23,GSD,Bridge to Tonsina,BT,S,FW,68,Y,636,471,1,M,4875,Y,,3,
MS002,Other,1,6/7/2019,23,GSD,Bridge to Tonsina,BT,S,FW,68,Y,787,597,2,F,,Y,,4,
MS002,Other,1,6/7/2019,23,GSD,Bridge to Tonsina,BT,S,FW,68,Y,858,659,3,M,,Y,1.3,,
MS002,Other,1,6/7/2019,23,GSD,Bridge to Tonsina,BT,S,FW,76,N,N/D,N/D,4,M,,N/D,1.3,,"Sampled fillet, all fins removed, unable to verify presence/absense of Adipose"
CS004,Farnham,1,6/7/2019,23,GSD,Gakona to Slana,GS,S,FW,92,Y,784,613,1,F,4301,Y,1.3,,
CS004,Farnham,1,6/7/2019,23,GSD,Gakona to Slana,GS,S,FW,92,Y,741,579,2,F,4662,Y,1.3,,
BS004,DeLaune,1,6/7/2019,23,GSD,Bridge to Tonsina,BT,S,FW,67,Y,777,580,1,F,,Y,,3,
BS004,DeLaune,1,6/7/2019,23,GSD,Bridge to Tonsina,BT,S,FW,67,Y,756,577,2,F,,Y,1.3,,
BS004,DeLaune,1,6/7/2019,23,GSD,Bridge to Tonsina,BT,S,FW,68,Y,759,568,3,F,,Y,1.3,,
BS004,DeLaune,1,6/7/2019,23,GSD,Bridge to Tonsina,BT,S,FW,68,Y,857,658,4,M,,Y,,3,
AS003,Williams,1,6/7/2019,23,GSD,Bridge to Tonsina,BT,S,FW,67,Y,747,558,1,M,,Y,,3,
AS003,Williams,1,6/7/2019,23,GSD,Bridge to Tonsina,BT,S,FW,68,Y,857,650,2,F,5707,Y,,3,
AS003,Williams,1,6/7/2019,23,GSD,Bridge to Tonsina,BT,S,FW,68,Y,833,633,3,M,,Y,1.3,,
AS003,Williams,1,6/7/2019,23,GSD,Bridge to Tonsina,BT,S,FW,68,Y,790,600,4,F,,Y,,4,
BP001,DeLaune,1,6/8/2019,23,CSD,Below Bridge,BB,S,DN,,Y,756,570,1,M,,Y,1.3,,
MP002,Other,1,6/8/2019,23,CSD,Below Bridge,BB,S,DN,,Y,817,634,1,F,,Y,,4,
MP002,Other,1,6/8/2019,23,CSD,Below Bridge,BB,S,DN,,Y,777,575,2,F,,N,,3,CWT Recovery # 563504
CS005,Farnham,1,6/8/2019,23,GSD,Bridge to Tonsina,BT,S,FW,68,Y,841,641,1,M,5716,Y,1.3,,
CS005,Farnham,1,6/8/2019,23,GSD,Bridge to Tonsina,BT,S,FW,68,Y,859,646,2,F,,Y,,3,
CS005,Farnham,1,6/8/2019,23,GSD,Bridge to Tonsina,BT,S,DN,,Y,859,609,3,F,,Y,1.3,,
CS005,Farnham,1,6/8/2019,23,GSD,Bridge to Tonsina,BT,S,DN,,Y,889,799,4,F,,Y,,4,
BS005,DeLaune,1,6/9/2019,24,GSD,Bridge to Tonsina,BT,S,FW,68,Y,785,577,1,M,,Y,,3,
BS005,DeLaune,1,6/9/2019,24,GSD,Bridge to Tonsina,BT,S,FW,68,Y,860,647,2,M,,Y,,4,
BS005,DeLaune,1,6/9/2019,24,GSD,Bridge to Tonsina,BT,S,FW,68,Y,788,608,3,F,,Y,1.3,,
BS005,DeLaune,1,6/9/2019,24,GSD,Bridge to Tonsina,BT,S,FW,68,Y,781,588,4,F,,Y,,3,
BS005,DeLaune,1,6/9/2019,24,GSD,Bridge to Tonsina,BT,S,FW,68,Y,839,630,5,F,,Y,,4,
BS005,DeLaune,1,6/9/2019,24,GSD,Bridge to Tonsina,BT,S,FW,68,Y,700,509,6,M,,Y,1.3,,
AS004,Williams,1,6/9/2019,24,GSD,Bridge to Tonsina,BT,S,DN,,Y,753,595,1,F,5869,Y,1.3,,
AS004,Williams,1,6/9/2019,24,GSD,Bridge to Tonsina,BT,S,DN,,Y,848,647,2,F,,N,1.3,,CWT Recovery # 563507
AS004,Williams,1,6/9/2019,24,GSD,Bridge to Tonsina,BT,S,DN,,Y,804,605,3,F,,Y,,4,
BP002,DeLaune,2,6/10/2019,24,CSD,Below Bridge,BB,S,DN,,Y,801,613,1,M,,Y,1.3,,
BP002,DeLaune,2,6/10/2019,24,CSD,Below Bridge,BB,S,DN,,Y,811,626,2,M,,Y,,3,
BP002,DeLaune,2,6/10/2019,24,CSD,Below Bridge,BB,S,DN,,Y,693,527,3,F,,Y,,3,
BP002,DeLaune,2,6/10/2019,24,CSD,Below Bridge,BB,S,DN,,Y,715,524,4,F,,Y,1.3,,
BP002,DeLaune,2,6/10/2019,24,CSD,Below Bridge,BB,S,DN,,Y,753,548,5,F,,Y,1.3,,
BP002,DeLaune,2,6/10/2019,24,CSD,Below Bridge,BB,S,DN,,Y,839,645,6,M,6721,Y,1.3,,
CS006,Farnham,2,6/12/2019,24,GSD,Tonsina to Gakona,TG,F,FW,6,Y,676,419,1,F,,Y,1.3,,
CS007,Farnham,2,6/12/2019,24,GSD,Bridge to Tonsina,BT,S,FW,68,Y,801,629,1,F,,Y,1.3,,
CS007,Farnham,2,6/12/2019,24,GSD,Bridge to Tonsina,BT,S,FW,68,Y,788,605,2,F,,Y,,3,
CS007,Farnham,2,6/12/2019,24,GSD,Bridge to Tonsina,BT,S,FW,68,Y,779,592,3,F,,Y,1.3,,
CS007,Farnham,2,6/12/2019,24,GSD,Bridge to Tonsina,BT,S,FW,68,Y,891,699,4,M,,Y,1.3,,
CS007,Farnham,2,6/12/2019,24,GSD,Bridge to Tonsina,BT,S,FW,68,Y,881,684,5,M,,Y,1.3,,
AP002,Williams,2,6/13/2019,24,CSD,Below Bridge,BB,S,DN,,Y,666,480,1,M,4992,Y,1.3,,No head
AP002,Williams,2,6/13/2019,24,CSD,Below Bridge,BB,S,DN,,Y,778,600,2,F,4921,Y,1.3,,
BP003,DeLaune,2,6/14/2019,24,CSD,Below Bridge,BB,S,DN,,Y,837,654,1,F,6684,Y,1.3,,RADIO TAG # 150.262 C-53
BP003,DeLaune,2,6/14/2019,24,CSD,Below Bridge,BB,S,DN,,Y,773,621,2,F,,Y,1.3,,TAIL MISSING
BP003,DeLaune,2,6/14/2019,24,CSD,Below Bridge,BB,S,DN,,Y,705,573,3,F,,Y,,4,
BP003,DeLaune,2,6/14/2019,24,CSD,Below Bridge,BB,S,DN,,Y,812,623,4,F,,Y,1.3,,
BP003,DeLaune,2,6/14/2019,24,CSD,Below Bridge,BB,S,DN,,Y,784,613,5,F,,Y,1.3,,
BP003,DeLaune,2,6/14/2019,24,CSD,Below Bridge,BB,S,DN,,Y,800,623,6,F,,Y,1.3,,
BP003,DeLaune,2,6/14/2019,24,CSD,Below Bridge,BB,S,DN,,Y,779,586,7,M,,Y,1.3,,
MS003,Other,2,6/14/2019,24,GSD,Bridge to Tonsina,BT,S,DN,,Y,799,597,1,F,,Y,1.1,,
MS003,Other,2,6/14/2019,24,GSD,Bridge to Tonsina,BT,S,DN,,Y,919,700,2,M,,Y,,3,
MS003,Other,2,6/14/2019,24,GSD,Bridge to Tonsina,BT,S,DN,,Y,797,614,3,F,,Y,1.4,,
MS003,Other,2,6/14/2019,24,GSD,Bridge to Tonsina,BT,S,DN,,Y,876,639,4,M,,Y,,3,
MS003,Other,2,6/14/2019,24,GSD,Bridge to Tonsina,BT,S,DN,,Y,865,659,5,F,,Y,1.3,,
MS003,Other,2,6/14/2019,24,GSD,Bridge to Tonsina,BT,S,DN,,Y,745,560,6,M,,Y,,3,
MS003,Other,2,6/14/2019,24,GSD,Bridge to Tonsina,BT,S,DN,,Y,810,627,7,M,,Y,,3,
MS003,Other,2,6/14/2019,24,GSD,Bridge to Tonsina,BT,S,DN,,Y,833,662,8,F,,Y,,4,
MS003,Other,2,6/14/2019,24,GSD,Bridge to Tonsina,BT,S,DN,,Y,702,515,9,F,,Y,1.3,,
CS008,Farnham,2,6/14/2019,24,GSD,Tonsina to Gakona,TG,S,FW,78,Y,321,260,1,M,,Y,1.3,,
AP003,Williams,2,6/15/2019,24,CSD,Below Bridge,BB,S,DN,,Y,861,656,1,F,7126,Y,1.3,,RADIO TAG # 149.484 C-52
AP003,Williams,2,6/15/2019,24,CSD,Below Bridge,BB,S,DN,,Y,848,650,2,F,,Y,,4,
AP003,Williams,2,6/15/2019,24,CSD,Below Bridge,BB,S,DN,,Y,788,590,3,F,,Y,1.3,,
AP003,Williams,2,6/15/2019,24,CSD,Below Bridge,BB,S,DN,,Y,792,594,4,F,,Y,1.3,,
AP003,Williams,2,6/15/2019,24,CSD,Below Bridge,BB,S,DN,,Y,940,714,5,M,,Y,1.4,,
AP003,Williams,2,6/15/2019,24,CSD,Below Bridge,BB,S,DN,,Y,820,621,6,F,,Y,1.3,,
AP003,Williams,2,6/15/2019,24,CSD,Below Bridge,BB,S,DN,,Y,940,712,7,M,,Y,1.4,,
BP004,DeLaune,2,6/15/2019,24,CSD,Below Bridge,BB,S,DN,,Y,839,635,1,F,,Y,1.3,,
BP004,DeLaune,2,6/15/2019,24,CSD,Below Bridge,BB,S,DN,,Y,750,558,2,F,,Y,1.3,,
BP004,DeLaune,2,6/15/2019,24,CSD,Below Bridge,BB,S,DN,,Y,724,523,3,F,,Y,1.3,,NO HEAD
BP004,DeLaune,2,6/15/2019,24,CSD,Below Bridge,BB,S,DN,,Y,757,577,4,F,,Y,,3,
BP004,DeLaune,2,6/15/2019,24,CSD,Below Bridge,BB,S,DN,,Y,972,727,5,M,,Y,1.3,,
BP004,DeLaune,2,6/15/2019,24,CSD,Below Bridge,BB,S,DN,,Y,795,597,6,F,,Y,1.3,,
CS009,Farnham,2,6/15/2019,24,GSD,Bridge to Tonsina,BT,S,FW,68,Y,732,551,1,F,,Y,,3,
CS009,Farnham,2,6/15/2019,24,GSD,Bridge to Tonsina,BT,S,FW,68,Y,809,632,2,F,,Y,,3,
CS009,Farnham,2,6/15/2019,24,GSD,Bridge to Tonsina,BT,S,FW,68,Y,751,598,3,F,,Y,1.3,,
CS009,Farnham,2,6/15/2019,24,GSD,Bridge to Tonsina,BT,S,FW,10,Y,923,735,4,F,,Y,,4,
CS009,Farnham,2,6/15/2019,24,GSD,Bridge to Tonsina,BT,S,FW,10,Y,893,764,5,F,7050,Y,,3,
BS006,DeLaune,2,6/15/2019,24,GSD,Bridge to Tonsina,BT,S,DN,,Y,744,531,1,F,,Y,,4,
BS006,DeLaune,2,6/15/2019,24,GSD,Bridge to Tonsina,BT,S,DN,,Y,804,608,2,M,5793,Y,1.3,,
BS006,DeLaune,2,6/15/2019,24,GSD,Bridge to Tonsina,BT,S,DN,,Y,804,614,3,M,5863,Y,1.3,,
BS006,DeLaune,2,6/15/2019,24,GSD,Bridge to Tonsina,BT,S,DN,,Y,795,607,4,M,,Y,1.3,,
BS006,DeLaune,2,6/15/2019,24,GSD,Bridge to Tonsina,BT,S,DN,,Y,768,577,5,M,,Y,,3,
BS006,DeLaune,2,6/15/2019,24,GSD,Bridge to Tonsina,BT,S,DN,,Y,849,636,6,F,,Y,,3,
BS006,DeLaune,2,6/15/2019,24,GSD,Bridge to Tonsina,BT,S,DN,,Y,827,635,7,F,,Y,1.3,,
BS006,DeLaune,2,6/15/2019,24,GSD,Bridge to Tonsina,BT,S,DN,,Y,712,556,8,F,,Y,1.3,,
BS006,DeLaune,2,6/15/2019,24,GSD,Bridge to Tonsina,BT,S,DN,,Y,916,687,9,M,,Y,1.3,,
BS006,DeLaune,2,6/15/2019,24,GSD,Bridge to Tonsina,BT,S,DN,,Y,807,620,10,F,,Y,1.3,,
BS007,DeLaune,2,6/15/2019,24,GSD,Bridge to Tonsina,BT,S,DN,,Y,786,594,1,F,,Y,1.4,,
BS007,DeLaune,2,6/15/2019,24,GSD,Bridge to Tonsina,BT,S,DN,,Y,495,370,2,M,,Y,1.3,,
BS008,DeLaune,2,6/16/2019,25,GSD,Bridge to Tonsina,BT,S,DN,,Y,624,476,1,M,,Y,1.2,,
BS008,DeLaune,2,6/16/2019,25,GSD,Bridge to Tonsina,BT,S,DN,,Y,609,467,2,M,6003,Y,,3,
BS008,DeLaune,2,6/16/2019,25,GSD,Bridge to Tonsina,BT,S,DN,,Y,724,541,3,F,,Y,,3,
BS008,DeLaune,2,6/16/2019,25,GSD,Bridge to Tonsina,BT,S,DN,,Y,786,598,4,F,,Y,,3,
BS008,DeLaune,2,6/16/2019,25,GSD,Bridge to Tonsina,BT,S,DN,,Y,816,620,5,F,,Y,,3,
BS008,DeLaune,2,6/16/2019,25,GSD,Bridge to Tonsina,BT,S,DN,,Y,850,651,6,F,,Y,1.4,,
BS008,DeLaune,2,6/16/2019,25,GSD,Bridge to Tonsina,BT,S,DN,,Y,685,518,7,M,6788,Y,1.3,,I MISPLACED TAG
BS008,DeLaune,2,6/16/2019,25,GSD,Bridge to Tonsina,BT,S,DN,,Y,809,601,8,F,,Y,1.3,,
BS008,DeLaune,2,6/16/2019,25,GSD,Bridge to Tonsina,BT,S,DN,,Y,811,606,9,F,,Y,1.3,,
BS008,DeLaune,2,6/16/2019,25,GSD,Bridge to Tonsina,BT,S,DN,,Y,570,423,10,M,,Y,,3,
BS009,DeLaune,2,6/16/2019,25,GSD,Bridge to Tonsina,BT,S,DN,,Y,715,537,1,F,6588,Y,,3,
BS009,DeLaune,2,6/16/2019,25,GSD,Bridge to Tonsina,BT,S,DN,,Y,786,579,2,M,,Y,1.3,,
BP005,DeLaune,3,6/17/2019,25,CSD,Below Bridge,BB,S,DN,,Y,864,642,1,F,7398,Y,,,
CS010,Farnham,3,6/18/2019,25,GSD,Gakona to Slana,GS,F,FW,16,N,737,533,1,M,,Y,,3,
CS011,Farnham,3,6/19/2019,25,GSD,Bridge to Tonsina,BT,S,FW,68,Y,832,641,1,F,5582,Y,,3,
CS011,Farnham,3,6/19/2019,25,GSD,Bridge to Tonsina,BT,S,FW,68,Y,711,531,2,F,,Y,1.3,,
CS011,Farnham,3,6/19/2019,25,GSD,Bridge to Tonsina,BT,S,DN,,Y,743,570,3,F,,Y,1.3,,
CS011,Farnham,3,6/19/2019,25,GSD,Bridge to Tonsina,BT,S,DN,,Y,749,586,4,F,,Y,1.3,,
CS011,Farnham,3,6/19/2019,25,GSD,Bridge to Tonsina,BT,S,DN,,Y,792,624,5,F,,Y,1.3,,
MS004,Other,3,6/20/2019,25,GSD,Bridge to Tonsina,BT,S,DN,,Y,917,704,1,M,7199,Y,1.3,,Radio Tag # 150.291 C-63
MS004,Other,3,6/20/2019,25,GSD,Bridge to Tonsina,BT,S,DN,,Y,816,600,2,M,,Y,1.3,,SCALES 3 & 4 FROM RIGHT SIDE
MS004,Other,3,6/20/2019,25,GSD,Bridge to Tonsina,BT,S,DN,,Y,655,480,3,M,,Y,1.3,,
MS004,Other,3,6/20/2019,25,GSD,Bridge to Tonsina,BT,S,DN,,Y,916,671,4,F,,Y,1.4,,
MS004,Other,3,6/20/2019,25,GSD,Bridge to Tonsina,BT,S,DN,,Y,785,589,5,F,,Y,1.3,,
CS012,Farnham,3,6/20/2019,25,GSD,Tonsina to Gakona,TG,F,FW,15,Y,753,589,1,F,,Y,1.3,,
CS012,Farnham,3,6/20/2019,25,GSD,Tonsina to Gakona,TG,F,FW,18,Y,819,639,2,F,5542,Y,,4,
CS012,Farnham,3,6/20/2019,25,GSD,Tonsina to Gakona,TG,F,FW,18,Y,791,603,3,F,,Y,1.3,,
AP004,Williams,3,6/21/2019,25,CSD,Below Bridge,BB,S,DN,,Y,784,602,1,F,7723,Y,,3,
BP006,DeLaune,3,6/21/2019,25,CSD,Below Bridge,BB,S,DN,,Y,870,681,1,M,,Y,,3,
BP006,DeLaune,3,6/21/2019,25,CSD,Below Bridge,BB,S,DN,,Y,783,595,2,F,,Y,1.3,,
BP006,DeLaune,3,6/21/2019,25,CSD,Below Bridge,BB,S,DN,,Y,772,587,3,F,,Y,,3,
BP006,DeLaune,3,6/21/2019,25,CSD,Below Bridge,BB,S,DN,,Y,787,601,4,F,,Y,1.3,,
BP006,DeLaune,3,6/21/2019,25,CSD,Below Bridge,BB,S,DN,,Y,831,639,5,F,6644,Y,1.3,,
BP006,DeLaune,3,6/21/2019,25,CSD,Below Bridge,BB,S,DN,,Y,841,642,6,F,,Y,,3,
BP006,DeLaune,3,6/21/2019,25,CSD,Below Bridge,BB,S,DN,,Y,798,596,7,F,7437,N,1.3,,CWT Recovery # 563501
BP006,DeLaune,3,6/21/2019,25,CSD,Below Bridge,BB,S,DN,,Y,855,657,8,F,6523,Y,1.3,,
AP005,Williams,3,6/22/2019,25,CSD,Below Bridge,BB,S,DN,,Y,780,581,1,F,7541,Y,1.3,,
AP005,Williams,3,6/22/2019,25,CSD,Below Bridge,BB,S,DN,,Y,745,571,2,M,,Y,1.3,,
AP005,Williams,3,6/22/2019,25,CSD,Below Bridge,BB,S,DN,,Y,752,565,3,M,6745,Y,1.3,,Radio Tag: 150.203  B-25
MS005,Other,3,6/22/2019,25,GSD,Bridge to Tonsina,BT,S,FW,68,Y,865,647,1,M,,Y,1.3,,
MS005,Other,3,6/22/2019,25,GSD,Bridge to Tonsina,BT,S,FW,68,Y,877,655,2,F,,Y,1.3,,
MS005,Other,3,6/22/2019,25,GSD,Bridge to Tonsina,BT,S,FW,68,Y,789,586,3,F,,Y,1.3,,
MS005,Other,3,6/22/2019,25,GSD,Bridge to Tonsina,BT,S,DN,,Y,734,561,4,M,,Y,1.3,,
MS005,Other,3,6/22/2019,25,GSD,Bridge to Tonsina,BT,S,DN,,Y,807,615,5,F,,Y,1.3,,
BS010,DeLaune,3,6/22/2019,25,GSD,Bridge to Tonsina,BT,S,DN,,Y,742,567,1,F,,Y,1.3,,
BS010,DeLaune,3,6/22/2019,25,GSD,Bridge to Tonsina,BT,S,DN,,Y,850,634,2,F,,Y,1.4,,
BS010,DeLaune,3,6/22/2019,25,GSD,Bridge to Tonsina,BT,S,DN,,Y,774,566,3,F,,Y,,3,
BS010,DeLaune,3,6/22/2019,25,GSD,Bridge to Tonsina,BT,S,DN,,Y,844,629,4,F,,Y,1.4,,
BS010,DeLaune,3,6/22/2019,25,GSD,Bridge to Tonsina,BT,S,DN,,Y,846,637,5,F,,Y,,3,
BS010,DeLaune,3,6/22/2019,25,GSD,Bridge to Tonsina,BT,S,DN,,Y,815,611,6,F,,Y,1.4,,
BS010,DeLaune,3,6/22/2019,25,GSD,Bridge to Tonsina,BT,S,DN,,Y,931,702,7,F,,Y,1.3,,
BS010,DeLaune,3,6/22/2019,25,GSD,Bridge to Tonsina,BT,S,DN,,Y,827,634,8,F,,Y,1.3,,
BS010,DeLaune,3,6/22/2019,25,GSD,Bridge to Tonsina,BT,S,DN,,Y,852,642,9,F,,Y,1.3,,
BS010,DeLaune,3,6/22/2019,25,GSD,Bridge to Tonsina,BT,S,DN,,Y,774,589,10,F,,Y,,3,
BS011,DeLaune,3,6/22/2019,25,GSD,Bridge to Tonsina,BT,S,DN,,Y,915,695,1,M,,Y,1.3,,
BS011,DeLaune,3,6/22/2019,25,GSD,Bridge to Tonsina,BT,S,DN,,Y,798,598,2,F,,Y,1.3,,
BS011,DeLaune,3,6/22/2019,25,GSD,Bridge to Tonsina,BT,S,DN,,Y,807,620,3,F,7520,Y,1.3,,
BS011,DeLaune,3,6/22/2019,25,GSD,Bridge to Tonsina,BT,S,DN,,Y,850,652,4,M,,Y,1.3,,
BS011,DeLaune,3,6/22/2019,25,GSD,Bridge to Tonsina,BT,S,DN,,Y,865,683,5,F,,Y,1.3,,
BS011,DeLaune,3,6/22/2019,25,GSD,Bridge to Tonsina,BT,S,DN,,Y,774,588,6,F,,Y,1.3,,
BS011,DeLaune,3,6/22/2019,25,GSD,Bridge to Tonsina,BT,S,DN,,Y,917,690,7,M,,Y,,4,
BS011,DeLaune,3,6/22/2019,25,GSD,Bridge to Tonsina,BT,S,FW,75,Y,866,640,8,M,,Y,,3,
BP007,DeLaune,3,6/23/2019,26,CSD,Below Bridge,BB,S,DN,,Y,788,585,1,M,,Y,1.3,,
BP007,DeLaune,3,6/23/2019,26,CSD,Below Bridge,BB,F,DN,,Y,771,592,2,F,,Y,1.3,,
BP007,DeLaune,3,6/23/2019,26,CSD,Below Bridge,BB,S,DN,,Y,800,581,3,M,,Y,1.3,,
BS012,DeLaune,3,6/23/2019,26,GSD,Bridge to Tonsina,BT,S,DN,,Y,803,614,1,M,,Y,1.3,,
BS012,DeLaune,3,6/23/2019,26,GSD,Bridge to Tonsina,BT,S,DN,,Y,781,587,2,M,,Y,1.3,,
AS005,Williams,3,6/23/2019,26,GSD,Bridge to Tonsina,BT,S,FW,75,Y,747,558,1,M,6585,Y,1.3,,Radio Tag: 150.262   C-62
AS005,Williams,3,6/23/2019,26,GSD,Bridge to Tonsina,BT,S,FW,75,Y,892,680,2,M,7871,Y,1.3,,
AS005,Williams,3,6/23/2019,26,GSD,Bridge to Tonsina,BT,S,FW,75,Y,794,603,3,F,7040,Y,1.3,,
AS005,Williams,3,6/23/2019,26,GSD,Bridge to Tonsina,BT,S,FW,,Y,727,548,4,M,,Y,1.3,,
BP008,DeLaune,4,6/24/2019,26,CSD,Below Bridge,BB,S,DN,,Y,905,696,1,M,7371,Y,1.4,,
BP008,DeLaune,4,6/24/2019,26,CSD,Below Bridge,BB,S,DN,,Y,810,607,2,M,,Y,1.3,,
BP008,DeLaune,4,6/24/2019,26,CSD,Below Bridge,BB,S,DN,,Y,769,589,3,F,N/D,Y,,3,YELLOW TAG & RADIO TAG BUT NOT RECOVERED FROM FISHERMEN
BP008,DeLaune,4,6/24/2019,26,CSD,Below Bridge,BB,S,DN,,Y,865,646,4,F,7782,Y,1.3,,THEY LOST TAG BUT HAD PHOTO
BP008,DeLaune,4,6/24/2019,26,CSD,Below Bridge,BB,S,DN,,Y,812,610,5,M,,Y,1.3,,
BP008,DeLaune,4,6/24/2019,26,CSD,Below Bridge,BB,S,DN,,Y,824,629,6,F,7316,Y,1.3,,
BP008,DeLaune,4,6/24/2019,26,CSD,Below Bridge,BB,S,DN,,Y,740,553,7,F,,Y,1.3,,
CS013,Farnham,4,6/24/2019,26,GSD,Bridge to Tonsina,BT,S,FW,68,Y,669,513,1,F,,Y,1.3,,
CS013,Farnham,4,6/24/2019,26,GSD,Bridge to Tonsina,BT,S,FW,68,Y,781,609,2,F,,Y,0.3,,
CS013,Farnham,4,6/24/2019,26,GSD,Bridge to Tonsina,BT,S,FW,68,Y,748,576,3,F,,Y,1.3,,
CS013,Farnham,4,6/24/2019,26,GSD,Bridge to Tonsina,BT,S,FW,68,Y,982,785,4,F,,Y,1.4,,scales both sides of fish absorbed and regenerated
CS014,Farnham,4,6/25/2019,26,GSD,Bridge to Tonsina,BT,S,FW,70,Y,874,668,1,M,,Y,,4,
AP006,Williams,4,6/27/2019,26,CSD,Below Bridge,BB,S,DN,,Y,825,534,1,M,,Y,1.3,,
AP006,Williams,4,6/27/2019,26,CSD,Below Bridge,BB,S,DN,,Y,810,620,2,M,,Y,1.3,,
AP006,Williams,4,6/27/2019,26,CSD,Below Bridge,BB,S,DN,,Y,800,612,3,F,,Y,,3,
AP007,Williams,4,6/28/2019,26,CSD,Below Bridge,BB,S,DN,,Y,792,602,1,M,,Y,1.3,,
AP007,Williams,4,6/28/2019,26,CSD,Below Bridge,BB,S,DN,,Y,770,594,2,M,,Y,,3,
AP007,Williams,4,6/28/2019,26,CSD,Below Bridge,BB,S,DN,,Y,930,694,3,M,,Y,,6,No good scales on either side.
AP007,Williams,4,6/28/2019,26,CSD,Below Bridge,BB,S,DN,,Y,815,628,4,F,,Y,1.3,,
BP009,DeLaune,4,6/28/2019,26,CSD,Below Bridge,BB,S,DN,,Y,864,639,1,M,,Y,1.3,,
BP009,DeLaune,4,6/28/2019,26,CSD,Below Bridge,BB,S,DN,,Y,772,589,2,F,,Y,1.3,,
BP009,DeLaune,4,6/28/2019,26,CSD,Below Bridge,BB,S,DN,,Y,792,596,3,F,,Y,,3,
BP009,DeLaune,4,6/28/2019,26,CSD,Below Bridge,BB,S,DN,,Y,902,681,4,F,,Y,1.3,,
BP009,DeLaune,4,6/28/2019,26,CSD,Below Bridge,BB,S,DN,,Y,806,603,5,F,,Y,,3,
BP009,DeLaune,4,6/28/2019,26,CSD,Below Bridge,BB,S,DN,,Y,849,639,6,F,,Y,2.3,,
BP009,DeLaune,4,6/28/2019,26,CSD,Below Bridge,BB,S,DN,,Y,854,635,7,M,,Y,1.3,,
BP009,DeLaune,4,6/28/2019,26,CSD,Below Bridge,BB,S,DN,,Y,963,726,8,M,,Y,1.3,,
BP009,DeLaune,4,6/28/2019,26,CSD,Below Bridge,BB,S,DN,,Y,914,700,9,F,,Y,1.3,,
BP009,DeLaune,4,6/28/2019,26,CSD,Below Bridge,BB,S,DN,,Y,783,596,10,F,,Y,1.3,,
AP008,Williams,4,6/29/2019,26,CSD,Below Bridge,BB,S,DN,,Y,800,602,1,F,,Y,,3,
BP010,DeLaune,4,6/29/2019,26,CSD,Below Bridge,BB,S,DN,,Y,832,640,1,F,,Y,,6,
BP010,DeLaune,4,6/29/2019,26,CSD,Below Bridge,BB,S,DN,,Y,635,488,2,F,,Y,1.4,,
BP010,DeLaune,4,6/29/2019,26,CSD,Below Bridge,BB,S,DN,,Y,809,605,3,F,,Y,1.3,,
BP010,DeLaune,4,6/29/2019,26,CSD,Below Bridge,BB,S,DN,,Y,830,632,4,F,,Y,1.3,,
BP010,DeLaune,4,6/29/2019,26,CSD,Below Bridge,BB,S,DN,,Y,871,614,5,M,,Y,,3,RIGHT SIDE SCALES
BP010,DeLaune,4,6/29/2019,26,CSD,Below Bridge,BB,S,DN,,Y,890,687,6,F,,Y,1.3,,
BP010,DeLaune,4,6/29/2019,26,CSD,Below Bridge,BB,S,DN,,Y,744,564,7,F,,Y,1.3,,
BP010,DeLaune,4,6/29/2019,26,CSD,Below Bridge,BB,S,DN,,Y,846,635,8,F,,N,1.3,,CWT Recovery # 563503
BP010,DeLaune,4,6/29/2019,26,CSD,Below Bridge,BB,S,DN,,N,N/D,N/D,9,M,,Y,1.3,,SCALES ONLY
BP010,DeLaune,4,6/29/2019,26,CSD,Below Bridge,BB,S,DN,,Y,805,613,10,F,8144,Y,,3,
BP011,DeLaune,4,6/29/2019,26,CSD,Below Bridge,BB,S,DN,,Y,805,592,1,F,,Y,1.3,,
AP008,Williams,4,6/29/2019,26,CSD,Below Bridge,BB,S,DN,,Y,903,685,2,M,,Y,1.3,,No good scales on either side.
AP008,Williams,4,6/29/2019,26,CSD,Below Bridge,BB,S,DN,,Y,953,725,3,F,,Y,1.4,,
AP008,Williams,4,6/29/2019,26,CSD,Below Bridge,BB,S,DN,,Y,790,604,4,F,,Y,,3,RIGHT SIDE SCALES
AP008,Williams,4,6/29/2019,26,CSD,Below Bridge,BB,S,DN,,Y,807,610,5,F,,Y,,3,
AP008,Williams,4,6/29/2019,26,CSD,Below Bridge,BB,S,DN,,Y,794,591,6,M,,Y,1.3,,
AP008,Williams,4,6/29/2019,26,CSD,Below Bridge,BB,S,DN,,Y,817,610,7,M,,Y,1.3,,RIGHT SIDE SCALES
AP008,Williams,4,6/29/2019,26,CSD,Below Bridge,BB,S,DN,,Y,755,580,8,F,,Y,,3,
AP008,Williams,4,6/29/2019,26,CSD,Below Bridge,BB,S,DN,,Y,806,615,9,F,7947,Y,1.3,,
AP008,Williams,4,6/29/2019,26,CSD,Below Bridge,BB,S,DN,,Y,795,606,10,F,,Y,1.3,,
AP009,Williams,4,6/29/2019,26,CSD,Below Bridge,BB,S,DN,,Y,897,688,1,M,,Y,1.3,,
AP009,Williams,4,6/29/2019,26,CSD,Below Bridge,BB,S,DN,,Y,805,610,2,F,,Y,,3,
BS013,DeLaune,4,6/29/2019,26,GSD,Bridge to Tonsina,BT,S,DN,,Y,854,656,1,F,,Y,,3,
BS013,DeLaune,4,6/29/2019,26,GSD,Bridge to Tonsina,BT,S,DN,,Y,859,646,2,F,,Y,1.3,,
AS006,Williams,4,6/29/2019,26,GSD,Bridge to Tonsina,BT,S,DN,,Y,968,723,1,M,,Y,1.3,,
AS006,Williams,4,6/29/2019,26,GSD,Bridge to Tonsina,BT,S,DN,,Y,930,699,2,F,,Y,,,
BP012,DeLaune,4,6/30/2019,27,CSD,Below Bridge,BB,S,DN,,Y,750,574,1,F,,Y,1.3,,
BP012,DeLaune,4,6/30/2019,27,CSD,Below Bridge,BB,S,DN,,Y,863,656,2,F,,Y,1.3,,
BP012,DeLaune,4,6/30/2019,27,CSD,Below Bridge,BB,S,DN,,Y,792,609,3,M,,Y,,3,
BS014,DeLaune,4,6/30/2019,27,GSD,Bridge to Tonsina,BT,S,DN,,Y,781,599,1,F,8419,Y,1.3,,
BP013,DeLaune,5,7/1/2019,27,CSD,Below Bridge,BB,S,DN,,Y,821,659,1,F,,Y,1.3,,
CS015,Farnham,5,7/3/2019,27,GSD,Tonsina to Gakona,TG,F,FW,5,Y,881,664,1,F,,Y,1.3,,
CS015,Farnham,5,7/3/2019,27,GSD,Tonsina to Gakona,TG,F,FW,5,Y,822,649,2,F,,Y,1.3,,All scales absorbed
CS015,Farnham,5,7/3/2019,27,GSD,Tonsina to Gakona,TG,F,FW,5,Y,761,595,3,F,,Y,1.3,,All scales absorbed
CS015,Farnham,5,7/3/2019,27,GSD,Tonsina to Gakona,TG,F,FW,5,Y,838,630,4,M,,Y,1.3,,
CS015,Farnham,5,7/3/2019,27,GSD,Tonsina to Gakona,TG,F,FW,5,Y,828,644,5,F,,Y,,3,
CS015,Farnham,5,7/3/2019,27,GSD,Tonsina to Gakona,TG,F,FW,5,Y,776,575,6,F,,Y,1.3,,
AP010,Williams,5,7/4/2019,27,CSD,Below Bridge,BB,S,DN,,Y,820,621,1,F,,Y,,,
AP010,Williams,5,7/4/2019,27,CSD,Below Bridge,BB,S,DN,,Y,804,611,2,M,,Y,,,
AP010,Williams,5,7/4/2019,27,CSD,Below Bridge,BB,S,DN,,Y,871,664,3,M,,Y,,,All scales absorbed
AP010,Williams,5,7/4/2019,27,CSD,Below Bridge,BB,S,DN,,Y,815,608,4,F,,N,,,CWT Recovery # 563502
AP011,Williams,5,7/5/2019,27,CSD,Below Bridge,BB,S,DN,,N,990,743,1,M,,Y,1.4,,
CS016,Farnham,5,7/5/2019,27,GSD,Tonsina to Gakona,TG,F,FW,5,Y,811,629,1,F,,Y,1.3,,
CS017,Farnham,5,7/5/2019,27,GSD,Bridge to Tonsina,BT,S,FW,71,Y,764,634,1,F,,Y,,3,
CS017,Farnham,5,7/5/2019,27,GSD,Bridge to Tonsina,BT,S,FW,71,Y,823,654,2,F,,Y,,6,
CS017,Farnham,5,7/5/2019,27,GSD,Bridge to Tonsina,BT,S,FW,71,Y,732,639,3,F,,Y,1.3,,
CS017,Farnham,5,7/5/2019,27,GSD,Bridge to Tonsina,BT,S,FW,68,Y,888,674,4,M,,Y,1.4,,
CS017,Farnham,5,7/5/2019,27,GSD,Bridge to Tonsina,BT,S,FW,68,Y,894,715,5,M,,Y,,6,
BP014,DeLaune,5,7/6/2019,27,CSD,Below Bridge,BB,S,DN,,Y,810,611,1,F,,Y,1.3,,3 RIGHT SCALES
BP014,DeLaune,5,7/6/2019,27,CSD,Below Bridge,BB,S,DN,,Y,938,707,2,M,,Y,,3,
BP014,DeLaune,5,7/6/2019,27,CSD,Below Bridge,BB,S,DN,,Y,860,657,3,M,8489,Y,,4,
BP014,DeLaune,5,7/6/2019,27,CSD,Below Bridge,BB,S,DN,,Y,874,661,4,M,,Y,,4,
BP014,DeLaune,5,7/6/2019,27,CSD,Below Bridge,BB,S,DN,,Y,796,604,5,F,,Y,1.3,,
AP012,Williams,5,7/6/2019,27,CSD,Below Bridge,BB,S,DN,,Y,864,656,1,M,,Y,1.3,,
CS018,Farnham,5,7/6/2019,27,GSD,Bridge to Tonsina,BT,S,FW,68,Y,824,685,1,M,,Y,,3,All scake regenerated
CS018,Farnham,5,7/6/2019,27,GSD,Bridge to Tonsina,BT,S,FW,68,Y,801,659,2,M,,Y,1.3,,
CS018,Farnham,5,7/6/2019,27,GSD,Bridge to Tonsina,BT,S,FW,68,Y,662,483,3,M,,Y,1.2,,
CS018,Farnham,5,7/6/2019,27,GSD,Bridge to Tonsina,BT,S,FW,68,Y,821,623,4,M,,Y,,3,
BP015,DeLaune,5,7/7/2019,28,CSD,Below Bridge,BB,S,DN,,Y,899,664,1,M,8132,Y,1.3,,
BP015,DeLaune,5,7/7/2019,28,CSD,Below Bridge,BB,S,DN,,Y,830,619,2,F,,Y,1.3,,
BP015,DeLaune,5,7/7/2019,28,CSD,Below Bridge,BB,S,DN,,Y,859,655,3,F,,Y,,3,
BP015,DeLaune,5,7/7/2019,28,CSD,Below Bridge,BB,S,DN,,Y,706,532,4,M,,Y,1.3,,
BP015,DeLaune,5,7/7/2019,28,CSD,Below Bridge,BB,S,DN,,Y,1057,780,5,M,,Y,,4,
BP015,DeLaune,5,7/7/2019,28,CSD,Below Bridge,BB,S,DN,,Y,773,581,6,F,,Y,1.3,,
BP015,DeLaune,5,7/7/2019,28,CSD,Below Bridge,BB,S,DN,,Y,804,607,7,F,,Y,1.4,,
AP013,Williams,5,7/7/2019,28,CSD,Below Bridge,BB,S,DN,,Y,890,668,1,M,,Y,1.3,,No good scales on either side.
AS007,Williams,5,7/7/2019,28,GSD,Bridge to Tonsina,BT,S,FW,71,Y,823,622,1,F,,Y,1.3,,
BS015,DeLaune,6,7/8/2019,28,GSD,Bridge to Tonsina,BT,S,FW,,Y,384,285,1,M,,Y,,3,JACK
BS015,DeLaune,6,7/8/2019,28,GSD,Bridge to Tonsina,BT,S,FW,,Y,854,645,2,F,,Y,,3,
CS019,Farnham,6,7/10/2019,28,GSD,Tonsina to Gakona,TG,F,FW,5,Y,871,654,1,M,,N,,6,CWT Recovery # 563505. All scales were absorbed
CS019,Farnham,6,7/10/2019,28,GSD,Tonsina to Gakona,TG,F,FW,5,Y,895,687,2,M,,Y,1.3,,
CS019,Farnham,6,7/10/2019,28,GSD,Tonsina to Gakona,TG,F,FW,5,Y,354,277,3,M,,Y,1.1,,
BP016,DeLaune,6,7/12/2019,28,CSD,Below Bridge,BB,S,DN,,Y,750,556,1,F,,Y,,3,
BP016,DeLaune,6,7/12/2019,28,CSD,Below Bridge,BB,S,DN,,Y,819,623,2,F,,Y,1.4,,
BP016,DeLaune,6,7/12/2019,28,CSD,Below Bridge,BB,S,DN,,Y,773,575,3,M,,Y,,4,
BP016,DeLaune,6,7/12/2019,28,CSD,Below Bridge,BB,S,DN,,Y,820,639,4,F,,Y,,3,
AP014,Williams,6,7/12/2019,28,CSD,Below Bridge,BB,S,DN,,Y,718,553,1,F,8006,Y,1.3,,150.262 C-70
AP014,Williams,6,7/12/2019,28,CSD,Below Bridge,BB,S,DN,,Y,1025,767,2,M,,Y,,3,
AP014,Williams,6,7/12/2019,28,CSD,Below Bridge,BB,S,DN,,Y,886,681,3,M,,Y,1.3,,
AP014,Williams,6,7/12/2019,28,CSD,Below Bridge,BB,S,DN,,Y,880,680,4,M,,Y,1.3,,
AP014,Williams,6,7/12/2019,28,CSD,Below Bridge,BB,S,DN,,Y,737,560,5,F,,Y,,3,
AP014,Williams,6,7/12/2019,28,CSD,Below Bridge,BB,S,DN,,Y,940,708,6,M,,Y,,3,
AP014,Williams,6,7/12/2019,28,CSD,Below Bridge,BB,S,DN,,N,N/A,N/A,7,N/A,,Y,1.3,,"NO HEAD, NO TAIL, WAS GUTTED"
AP014,Williams,6,7/12/2019,28,CSD,Below Bridge,BB,S,DN,,N,N/A,N/A,8,N/A,,Y,,3,"NO HEAD, NO TAIL, WAS GUTTED"
AP014,Williams,6,7/12/2019,28,CSD,Below Bridge,BB,S,DN,,Y,860,662,9,F,,Y,1.3,,
AP014,Williams,6,7/12/2019,28,CSD,Below Bridge,BB,S,DN,,Y,821,615,10,M,,Y,,3,
CS020,Farnham,6,7/12/2019,28,GSD,Bridge to Tonsina,BT,F,FW,68,Y,869,657,1,F,,Y,1.3,,RIGHT SIDE SCALES
CS020,Farnham,6,7/12/2019,28,GSD,Bridge to Tonsina,BT,F,FW,68,Y,820,623,2,F,,Y,1.3,,RIGHT SIDE SCALES
CS020,Farnham,6,7/12/2019,28,GSD,Bridge to Tonsina,BT,F,FW,68,Y,766,581,3,F,,Y,1.3,,RIGHT SIDE SCALES
BP017,DeLaune,6,7/13/2019,28,CSD,Below Bridge,BB,S,DN,,Y,940,710,1,M,,Y,,3,
BP017,DeLaune,6,7/13/2019,28,CSD,Below Bridge,BB,S,DN,,Y,892,686,2,M,563508,N,1.3,,CWT Recovery # 563508
BP017,DeLaune,6,7/13/2019,28,CSD,Below Bridge,BB,S,DN,,Y,805,624,3,F,,Y,,3,
BP017,DeLaune,6,7/13/2019,28,CSD,Below Bridge,BB,S,DN,,Y,922,689,4,M,,Y,1.3,,
BP017,DeLaune,6,7/13/2019,28,CSD,Below Bridge,BB,S,DN,,Y,938,709,5,M,,Y,1.3,,
BP017,DeLaune,6,7/13/2019,28,CSD,Below Bridge,BB,S,DN,,Y,830,622,6,F,,Y,,3,
BP017,DeLaune,6,7/13/2019,28,CSD,Below Bridge,BB,S,DN,,Y,861,659,7,M,,Y,1.3,,
BP017,DeLaune,6,7/13/2019,28,CSD,Below Bridge,BB,S,DN,,Y,968,725,8,M,,Y,,3,
AP015,Williams,6,7/13/2019,28,CSD,Below Bridge,BB,S,DN,,Y,876,663,1,M,,Y,,3,
AP015,Williams,6,7/13/2019,28,CSD,Below Bridge,BB,S,DN,,Y,862,662,2,M,8861,Y,,3,
AP015,Williams,6,7/13/2019,28,CSD,Below Bridge,BB,S,DN,,Y,830,615,3,F,,Y,1.3,,
AP015,Williams,6,7/13/2019,28,CSD,Below Bridge,BB,S,DN,,Y,917,707,4,F,,Y,,3,
AP015,Williams,6,7/13/2019,28,CSD,Below Bridge,BB,S,DN,,Y,895,679,5,F,,Y,1.3,,
AP015,Williams,6,7/13/2019,28,CSD,Below Bridge,BB,S,DN,,Y,859,653,6,F,,Y,,3,
AP015,Williams,6,7/13/2019,28,CSD,Below Bridge,BB,S,DN,,Y,1032,784,7,M,,Y,1.3,,
AP015,Williams,6,7/13/2019,28,CSD,Below Bridge,BB,S,DN,,Y,815,621,8,F,,Y,1.3,,
AP015,Williams,6,7/13/2019,28,CSD,Below Bridge,BB,S,DN,,N,858,645,9,N/A,,Y,1.4,,WAS GUTTED
BP018,DeLaune,6,7/14/2019,29,CSD,Below Bridge,BB,S,DN,,Y,699,539,1,F,,Y,1.3,,
BP018,DeLaune,6,7/14/2019,29,CSD,Below Bridge,BB,S,DN,,Y,816,624,2,F, ,N,1.4,,CWT Recovery # 563509
BP018,DeLaune,6,7/14/2019,29,CSD,Below Bridge,BB,S,DN,,Y,861,652,3,M,,Y,,3,
BP018,DeLaune,6,7/14/2019,29,CSD,Below Bridge,BB,S,DN,,Y,981,733,4,M,,Y,1.3,,
BP018,DeLaune,6,7/14/2019,29,CSD,Below Bridge,BB,S,DN,,Y,860,652,5,M,,Y,1.3,,
BP018,DeLaune,6,7/14/2019,29,CSD,Below Bridge,BB,S,DN,,Y,903,683,6,F,,Y,1.3,,
AS008,Williams,6,7/14/2019,29,GSD,Bridge to Tonsina,BT,S,FW,68,Y,833,635,1,F,,Y,1.4,,
AS008,Williams,6,7/14/2019,29,GSD,Bridge to Tonsina,BT,S,FW,68,Y,905,601,2,F,,Y,1.3,,
AS008,Williams,6,7/14/2019,29,GSD,Bridge to Tonsina,BT,S,FW,68,Y,822,615,3,M,,Y,1.3,,No good scales on either side.
AS008,Williams,6,7/14/2019,29,GSD,Bridge to Tonsina,BT,S,FW,68,Y,857,643,4,M,,Y,2.3,,
AS008,Williams,6,7/14/2019,29,GSD,Bridge to Tonsina,BT,S,FW,68,Y,858,655,5,F,,Y,1.3,,
AS008,Williams,6,7/14/2019,29,GSD,Bridge to Tonsina,BT,S,FW,68,Y,830,625,6,F,,Y,1.3,,
AS008,Williams,6,7/14/2019,29,GSD,Bridge to Tonsina,BT,S,FW,68,Y,920,699,7,F,8172,Y,,4,
AS008,Williams,6,7/14/2019,29,GSD,Bridge to Tonsina,BT,S,FW,68,Y,930,694,8,M,,Y,1.3,,RIGHT SIDE SCALES
AS008,Williams,6,7/14/2019,29,GSD,Bridge to Tonsina,BT,S,FW,68,Y,936,707,9,M,,Y,,4,
AS008,Williams,6,7/14/2019,29,GSD,Bridge to Tonsina,BT,S,FW,68,Y,915,689,10,M,,Y,1.3,,No good scales on either side.
AS009,Williams,6,7/14/2019,29,GSD,Bridge to Tonsina,BT,S,FW,68,Y,893,688,1,F,,Y,1.3,,
AS009,Williams,6,7/14/2019,29,GSD,Bridge to Tonsina,BT,S,FW,68,Y,823,612,2,M,,Y,,3,
AS009,Williams,6,7/14/2019,29,GSD,Bridge to Tonsina,BT,S,FW,68,Y,950,730,3,M,,Y,,3,
AS009,Williams,6,7/14/2019,29,GSD,Bridge to Tonsina,BT,S,FW,68,Y,832,643,4,F,,Y,1.3,,
AS009,Williams,6,7/14/2019,29,GSD,Bridge to Tonsina,BT,S,FW,68,Y,830,630,5,M,,Y,,3,
AS009,Williams,6,7/14/2019,29,GSD,Bridge to Tonsina,BT,S,FW,68,Y,826,628,6,F,,Y,1.3,,
AS009,Williams,6,7/14/2019,29,GSD,Bridge to Tonsina,BT,S,FW,68,Y,850,634,7,F,,Y,,3,
AS009,Williams,6,7/14/2019,29,GSD,Bridge to Tonsina,BT,S,FW,68,Y,840,636,8,F,,Y,1.3,,
AS009,Williams,6,7/14/2019,29,GSD,Bridge to Tonsina,BT,S,FW,68,Y,788,601,9,F,,Y,,3,
AS009,Williams,6,7/14/2019,29,GSD,Bridge to Tonsina,BT,S,FW,68,Y,817,624,10,F,,Y,,3,
AS010,Williams,6,7/14/2019,29,GSD,Bridge to Tonsina,BT,S,FW,68,Y,799,603,1,F,,Y,,4,
AS010,Williams,6,7/14/2019,29,GSD,Bridge to Tonsina,BT,S,FW,68,Y,842,640,2,F,,Y,,3,
AS010,Williams,6,7/14/2019,29,GSD,Bridge to Tonsina,BT,S,FW,68,Y,890,664,3,M,,Y,1.3,,
AS010,Williams,6,7/14/2019,29,GSD,Bridge to Tonsina,BT,S,FW,68,Y,908,696,4,M,,Y,,3,
AS010,Williams,6,7/14/2019,29,GSD,Bridge to Tonsina,BT,S,FW,68,Y,778,592,5,F,,Y,1.3,,
AS010,Williams,6,7/14/2019,29,GSD,Bridge to Tonsina,BT,S,FW,68,Y,865,603,6,M,,Y,,4,RIGHT SIDE SCALES
BP019,DeLaune,7,7/18/2019,29,CSD,Below Bridge,BB,S,DN,,Y,796,595,1,M,,Y,,6,
BP019,DeLaune,7,7/18/2019,29,CSD,Below Bridge,BB,S,DN,,Y,741,583,2,F,,Y,1.3,,
BP019,DeLaune,7,7/18/2019,29,CSD,Below Bridge,BB,S,DN,,Y,846,636,3,M,,Y,1.3,,
BP020,DeLaune,7,7/19/2019,29,CSD,Below Bridge,BB,S,DN,,Y,805,609,1,F,,Y,,4,
BP020,DeLaune,7,7/19/2019,29,CSD,Below Bridge,BB,S,DN,,Y,820,626,2,F,,Y,,3,
BP020,DeLaune,7,7/19/2019,29,CSD,Below Bridge,BB,S,DN,,Y,952,706,3,M,,Y,1.3,,
BP020,DeLaune,7,7/19/2019,29,CSD,Below Bridge,BB,S,DN,,Y,880,676,4,F,,Y,1.3,,
BP020,DeLaune,7,7/19/2019,29,CSD,Below Bridge,BB,S,DN,,Y,942,706,5,F,,Y,1.3,,
BP020,DeLaune,7,7/19/2019,29,CSD,Below Bridge,BB,S,DN,,Y,857,642,6,F,,Y,,3,
BP020,DeLaune,7,7/19/2019,29,CSD,Below Bridge,BB,S,DN,,Y,884,670,7,F,,Y,1.3,,
BP020,DeLaune,7,7/19/2019,29,CSD,Below Bridge,BB,S,DN,,Y,896,681,8,M,,Y,1.3,,
BP020,DeLaune,7,7/19/2019,29,CSD,Below Bridge,BB,S,DN,,Y,786,595,9,F,,Y,,3,
BP020,DeLaune,7,7/19/2019,29,CSD,Below Bridge,BB,S,DN,,Y,915,692,10,F,,Y,1.3,,
BP021,DeLaune,7,7/19/2019,29,CSD,Below Bridge,BB,S,DN,,Y,748,585,1,F,,Y,1.3,,
BP021,DeLaune,7,7/19/2019,29,CSD,Below Bridge,BB,S,DN,,Y,808,605,2,F,,Y,,3,
BP021,DeLaune,7,7/19/2019,29,CSD,Below Bridge,BB,S,DN,,Y,780,585,3,M,,Y,,3,
BP021,DeLaune,7,7/19/2019,29,CSD,Below Bridge,BB,S,DN,,Y,778,586,4,F,8849,Y,1.3,,
AP016,Williams,7,7/19/2019,29,CSD,Below Bridge,BB,S,DN,,Y,868,653,1,M,,Y,1.3,,No good scales on either side.
BP022,DeLaune,7,7/20/2019,29,CSD,Below Bridge,BB,S,DN,,Y,951,710,1,M,,Y,1.3,,
BP022,DeLaune,7,7/20/2019,29,CSD,Below Bridge,BB,S,DN,,Y,762,562,2,F,8444,Y,,4,
BP022,DeLaune,7,7/20/2019,29,CSD,Below Bridge,BB,S,DN,,Y,760,578,3,F,8662,Y,1.3,,RADIO TAG 149.443 A-12
BP022,DeLaune,7,7/20/2019,29,CSD,Below Bridge,BB,S,DN,,Y,805,632,4,M,,Y,1.3,,
BP022,DeLaune,7,7/20/2019,29,CSD,Below Bridge,BB,S,DN,,Y,N/A,652,5,M,8635,Y,1.3,,"NO TAIL, REGENERATED SCALES"
BP022,DeLaune,7,7/20/2019,29,CSD,Below Bridge,BB,S,DN,,Y,N/A,677,6,M,,Y,1.3,,NO TAIL
BP022,DeLaune,7,7/20/2019,29,CSD,Below Bridge,BB,S,DN,,Y,1010,750,7,M,,Y,1.4,,
BP022,DeLaune,7,7/20/2019,29,CSD,Below Bridge,BB,S,DN,,Y,695,512,8,M,,Y,,3,
BP022,DeLaune,7,7/20/2019,29,CSD,Below Bridge,BB,S,DN,,Y,875,660,9,M,8806,Y,1.2,,
BP022,DeLaune,7,7/20/2019,29,CSD,Below Bridge,BB,S,DN,,Y,856,647,10,F,,Y,,3,
AP017,Williams,7,7/20/2019,29,CSD,Below Bridge,BB,S,DN,,Y,794,662,1,F,,Y,,4,
AP017,Williams,7,7/20/2019,29,CSD,Below Bridge,BB,S,DN,,Y,970,742,2,M,,Y,,3,
AP017,Williams,7,7/20/2019,29,CSD,Below Bridge,BB,S,DN,,Y,838,643,3,F,,Y,1.3,,
AP017,Williams,7,7/20/2019,29,CSD,Below Bridge,BB,S,DN,,Y,878,667,4,F,,Y,1.3,,
AP017,Williams,7,7/20/2019,29,CSD,Below Bridge,BB,S,DN,,Y,821,618,5,F,,Y,,3,
AP017,Williams,7,7/20/2019,29,CSD,Below Bridge,BB,S,DN,,Y,801,607,6,M,,Y,1.3,,
AP017,Williams,7,7/20/2019,29,CSD,Below Bridge,BB,S,DN,,Y,910,694,7,M,,Y,1.4,,
AP017,Williams,7,7/20/2019,29,CSD,Below Bridge,BB,S,DN,,Y,574,432,8,M,,Y,1.3,,
AP017,Williams,7,7/20/2019,29,CSD,Below Bridge,BB,S,DN,,Y,625,480,9,M,7646,Y,1.3,,RIGHT SIDE SCALES
AS011,Williams,7,7/20/2019,29,GSD,Bridge to Tonsina,BT,S,FW,68,Y,860,648,1,F,,Y,,3,
CS021,Farnham,8,7/23/2019,30,GSD,Tonsina to Gakona,TG,F,FW,5,Y,795,619,1,F,,Y,1.3,,
CS022,Farnham,8,7/24/2019,30,GSD,Tonsina to Gakona,TG,F,FW,42,Y,816,619,1,M,,Y,1.3,,All Scale regenterted and absorbed
CS022,Farnham,8,7/24/2019,30,GSD,Tonsina to Gakona,TG,F,FW,42,Y,859,671,2,F,,Y,1.4,,
BP023,DeLaune,8,7/25/2019,30,CSD,Below Bridge,BB,S,DN,,Y,771,585,1,F,,Y,,3,
BP023,DeLaune,8,7/25/2019,30,CSD,Below Bridge,BB,S,DN,,Y,844,638,2,F,,Y,,3,
BP023,DeLaune,8,7/25/2019,30,CSD,Below Bridge,BB,S,DN,,Y,844,655,3,F,,Y,,3,
BP023,DeLaune,8,7/25/2019,30,CSD,Below Bridge,BB,S,DN,,Y,812,634,4,F,,Y,1.3,,
BS016,DeLaune,8,7/25/2019,30,GSD,Bridge to Tonsina,BT,F,FW,68,Y,673,490,1,F,,Y,1.3,,
BS016,DeLaune,8,7/25/2019,30,GSD,Bridge to Tonsina,BT,F,FW,68,Y,693,488,2,F,,Y,,3,
CS023,Farnham,8,7/26/2019,30,GSD,Bridge to Tonsina,BT,F,FW,68,Y,854,649,1,F,,Y,,3,
BP024,DeLaune,8,7/26/2019,30,CSD,Below Bridge,BB,S,DN,,Y,1080,800,1,M,,Y,1.3,,
BP024,DeLaune,8,7/26/2019,30,CSD,Below Bridge,BB,S,DN,,N,N/A,N/A,2,F,8634,Y,1.3,,NO HEAD
BP024,DeLaune,8,7/26/2019,30,CSD,Below Bridge,BB,S,DN,,Y,825,638,3,M,,Y,1.3,,REGENERATED SCALES
BP024,DeLaune,8,7/26/2019,30,CSD,Below Bridge,BB,S,DN,,Y,864,675,4,M,,Y,1.3,,
BP024,DeLaune,8,7/26/2019,30,CSD,Below Bridge,BB,S,DN,,Y,858,656,5,F,,Y,1.3,,
BP024,DeLaune,8,7/26/2019,30,CSD,Below Bridge,BB,S,DN,,Y,865,653,6,F,,Y,1.3,,
BP024,DeLaune,8,7/26/2019,30,CSD,Below Bridge,BB,S,DN,,Y,800,602,7,F,,Y,1.3,,
BP024,DeLaune,8,7/26/2019,30,CSD,Below Bridge,BB,S,DN,,Y,925,714,8,F,,Y,1.3,,
BP024,DeLaune,8,7/26/2019,30,CSD,Below Bridge,BB,S,DN,,Y,931,705,9,M,,Y,1.3,,
BP024,DeLaune,8,7/26/2019,30,CSD,Below Bridge,BB,S,DN,,Y,880,671,10,F,,Y,1.4,,
AP018,Williams,8,7/26/2019,30,CSD,Below Bridge,BB,S,DN,,Y,954,723,1,M,,Y,1.3,,
AP018,Williams,8,7/26/2019,30,CSD,Below Bridge,BB,S,DN,,Y,910,698,2,F,,Y,,3,
CP024,Farnham,8,7/26/2019,30,CSD,Below Bridge,BB,S,DN,,Y,859,644,1,M,,Y,1.3,,
BP025,DeLaune,8,7/27/2019,30,CSD,Below Bridge,BB,S,DN,,Y,511,384,1,M,,Y,1.3,,
BP025,DeLaune,8,7/27/2019,30,CSD,Below Bridge,BB,S,DN,,Y,816,631,2,F,,Y,,3,
BP025,DeLaune,8,7/27/2019,30,CSD,Below Bridge,BB,S,DN,,Y,875,652,3,M,,Y,1.3,,
BP025,DeLaune,8,7/27/2019,30,CSD,Below Bridge,BB,S,DN,,Y,716,555,4,F,,Y,1.3,,
AP019,Williams,8,7/27/2019,30,CSD,Below Bridge,BB,S,DN,,Y,742,569,1,M,,Y,1.2,,
AP019,Williams,8,7/27/2019,30,CSD,Below Bridge,BB,S,DN,,N,890,680,2,F,,Y,,3,WAS GUTTED No good scales on either side
AP019,Williams,8,7/27/2019,30,CSD,Below Bridge,BB,S,DN,,Y,811,613,3,F,,Y,1.3,,No good scales on either side.
AP019,Williams,8,7/27/2019,30,CSD,Below Bridge,BB,S,DN,,Y,865,660,4,F,,Y,1.3,,
BP026,DeLaune,8,7/28/2019,31,CSD,Below Bridge,BB,S,DN,,Y,904,687,1,M,,Y,,4,
BP026,DeLaune,8,7/28/2019,31,CSD,Below Bridge,BB,S,DN,,Y,825,634,2,F,,Y,1.3,,
BP026,DeLaune,8,7/28/2019,31,CSD,Below Bridge,BB,S,DN,,Y,742,577,3,M,,Y,,4,
BP027,DeLaune,9,8/1/2019,31,CSD,Below Bridge,BB,S,DN,,Y,836,635,1,F,,Y,,4,
BP027,DeLaune,9,8/1/2019,31,CSD,Below Bridge,BB,S,DN,,Y,866,654,2,F,,N,,3,NO CWT TAGS LEFT.  MARKED/BAGGED AS BP027 FISH #2
BP028,DeLaune,9,8/2/2019,31,CSD,Below Bridge,BB,S,DN,,Y,821,643,1,F,,Y,,4,
BP028,DeLaune,9,8/2/2019,31,CSD,Below Bridge,BB,S,DN,,Y,677,510,2,F,,Y,,3,
BP028,DeLaune,9,8/2/2019,31,CSD,Below Bridge,BB,S,DN,,Y,810,614,3,F,,Y,1.3,,
BP029,DeLaune,9,8/3/2019,31,CSD,Below Bridge,BB,S,DN,,Y,945,727,1,M,,Y,1.3,,
BP029,DeLaune,9,8/3/2019,31,CSD,Below Bridge,BB,S,DN,,Y,818,632,2,F,,Y,1.3,,
BP030,DeLaune,10,8/9/2019,32,CSD,Below Bridge,BB,S,DN,,Y,810,623,1,F,,Y,1.3,,
BP030,DeLaune,10,8/9/2019,32,CSD,Below Bridge,BB,S,DN,,N,N/A,N/A,2,M,,N/A,,7,FILET ONLY
BP031,DeLaune,10,8/11/2019,33,CSD,Below Bridge,BB,S,DN,,Y,918,689,1,M,,Y,1.4,,
AP020,Williams,11,8/16/2019,33,CSD,Below Bridge,BB,S,DN,,Y,831,636,1,F,,Y,1.3,,
,,,,0,,,Wrong,,,,,,,,,,,,,
,,,,0,,,Wrong,,,,,,,,,,,,,
,,,,0,,,Wrong,,,,,,,,,,,,,
,,,,0,,,Wrong,,,,,,,,,,,,,
,,,,0,,,Wrong,,,,,,,,,,,,,
,,,,0,,,Wrong,,,,,,,,,,,,,
,,,,0,,,Wrong,,,,,,,,,,,,,
,,,,0,,,Wrong,,,,,,,,,,,,,
,,,,0,,,Wrong,,,,,,,,,,,,,
,,,,0,,,Wrong,,,,,,,,,,,,,
,,,,0,,,Wrong,,,,,,,,,,,,,
,,,,0,,,Wrong,,,,,,,,,,,,,
,,,,0,,,Wrong,,,,,,,,,,,,,
,,,,0,,,Wrong,,,,,,,,,,,,,
,,,,0,,,Wrong,,,,,,,,,,,,,
,,,,0,,,Wrong,,,,,,,,,,,,,
,,,,0,,,Wrong,,,,,,,,,,,,,
,,,,0,,,Wrong,,,,,,,,,,,,,
,,,,0,,,Wrong,,,,,,,,,,,,,
,,,,0,,,Wrong,,,,,,,,,,,,,
,,,,0,,,Wrong,,,,,,,,,,,,,
,,,,0,,,Wrong,,,,,,,,,,,,,
,,,,0,,,Wrong,,,,,,,,,,,,,
,,,,0,,,Wrong,,,,,,,,,,,,,
,,,,0,,,Wrong,,,,,,,,,,,,,
,,,,0,,,Wrong,,,,,,,,,,,,,
,,,,0,,,Wrong,,,,,,,,,,,,,
,,,,0,,,Wrong,,,,,,,,,,,,,
,,,,0,,,Wrong,,,,,,,,,,,,,
,,,,0,,,Wrong,,,,,,,,,,,,,
,,,,0,,,Wrong,,,,,,,,,,,,,
,,,,0,,,Wrong,,,,,,,,,,,,,
,,,,0,,,Wrong,,,,,,,,,,,,,
,,,,0,,,Wrong,,,,,,,,,,,,,
,,,,0,,,Wrong,,,,,,,,,,,,,
,,,,0,,,Wrong,,,,,,,,,,,,,
,,,,0,,,Wrong,,,,,,,,,,,,,
,,,,0,,,Wrong,,,,,,,,,,,,,
,,,,0,,,Wrong,,,,,,,,,,,,,
,,,,0,,,Wrong,,,,,,,,,,,,,
,,,,0,,,Wrong,,,,,,,,,,,,,
,,,,0,,,Wrong,,,,,,,,,,,,,
,,,,0,,,Wrong,,,,,,,,,,,,,
,,,,0,,,Wrong,,,,,,,,,,,,,
,,,,0,,,Wrong,,,,,,,,,,,,,
,,,,0,,,Wrong,,,,,,,,,,,,,
,,,,0,,,Wrong,,,,,,,,,,,,,
