SUBDISTRICT,FISHERY,SAMPLE WEEK,HARVDATE,RED,KING
Glennallen,Federal SUB,,5/21/2022,2,
Glennallen,Federal SUB,,5/28/2022,38,
Glennallen,Federal SUB,,5/29/2022,16,
Glennallen,Federal SUB,,5/31/2022,8,
Glennallen,State SUB,1,6/1/2022,10,3
Glennallen,State SUB,1,6/1/2022,4,1
Glennallen,State SUB,1,6/1/2022,203,33
Glennallen,Federal SUB,1,6/1/2022,1,
Glennallen,Federal SUB,1,6/1/2022,5,
Glennallen,State SUB,1,6/2/2022,0,1
Glennallen,State SUB,1,6/2/2022,7,2
Glennallen,State SUB,1,6/2/2022,5,2
Glennallen,State SUB,1,6/2/2022,8,1
Glennallen,State SUB,1,6/3/2022,13,0
Glennallen,State SUB,1,6/3/2022,1,0
Glennallen,State SUB,1,6/3/2022,17,4
Glennallen,State SUB,1,6/3/2022,7,0
Glennallen,State SUB,1,6/3/2022,21,4
Glennallen,State SUB,1,6/3/2022,23,7
Glennallen,State SUB,1,6/3/2022,0,4
Glennallen,State SUB,1,6/3/2022,3,3
Glennallen,State SUB,1,6/3/2022,60,2
Glennallen,State SUB,1,6/3/2022,3,0
Glennallen,State SUB,1,6/4/2022,7,7
Glennallen,State SUB,1,6/4/2022,0,0
Glennallen,State SUB,1,6/4/2022,1,0
Glennallen,State SUB,1,6/4/2022,9,4
Glennallen,State SUB,1,6/4/2022,6,4
Glennallen,State SUB,1,6/4/2022,75,1
Glennallen,State SUB,1,6/4/2022,20,0
Glennallen,State SUB,1,6/4/2022,0,0
Glennallen,State SUB,1,6/4/2022,45,3
Glennallen,State SUB,1,6/4/2022,6,0
Glennallen,Federal SUB,1,6/4/2022,8,
Glennallen,Federal SUB,1,6/4/2022,2,
Glennallen,State SUB,1,6/5/2022,1,0
Glennallen,State SUB,1,6/5/2022,3,3
Glennallen,State SUB,1,6/5/2022,15,1
Glennallen,State SUB,1,6/5/2022,16,7
Glennallen,State SUB,1,6/5/2022,2,1
Glennallen,State SUB,1,6/5/2022,1,0
Glennallen,Federal SUB,1,6/5/2022,8,
Glennallen,Federal SUB,1,6/5/2022,5,
Glennallen,Federal SUB,1,6/5/2022,1,
Glennallen,State SUB,2,6/6/2022,0,0
Glennallen,State SUB,2,6/6/2022,0,0
Glennallen,State SUB,2,6/6/2022,86,4
Glennallen,State SUB,2,6/6/2022,7,4
Glennallen,State SUB,2,6/6/2022,11,0
Glennallen,State SUB,2,6/6/2022,2,0
Glennallen,State SUB,2,6/6/2022,4,0
Glennallen,State SUB,2,6/6/2022,10,0
Glennallen,Federal SUB,2,6/6/2022,8,
Glennallen,Federal SUB,2,6/6/2022,4,
Glennallen,State SUB,2,6/7/2022,0,0
Glennallen,State SUB,2,6/7/2022,13,5
Glennallen,State SUB,2,6/7/2022,2,0
Glennallen,State SUB,2,6/7/2022,1,0
Glennallen,State SUB,2,6/7/2022,0,0
Glennallen,State SUB,2,6/7/2022,12,34
Glennallen,State SUB,2,6/7/2022,2,5
Glennallen,State SUB,2,6/7/2022,60,0
Glennallen,State SUB,2,6/7/2022,48,0
Glennallen,State SUB,2,6/7/2022,0,0
Glennallen,State SUB,2,6/7/2022,3,2
Glennallen,Federal SUB,2,6/7/2022,7,
Glennallen,State SUB,2,6/8/2022,0,0
Glennallen,State SUB,2,6/8/2022,0,2
Glennallen,State SUB,2,6/8/2022,21,0
Glennallen,State SUB,2,6/8/2022,6,6
Glennallen,State SUB,2,6/8/2022,0,0
Glennallen,State SUB,2,6/8/2022,2,0
Glennallen,State SUB,2,6/8/2022,0,0
Glennallen,State SUB,2,6/8/2022,12,3
Glennallen,State SUB,2,6/8/2022,0,0
Glennallen,State SUB,2,6/8/2022,0,0
Glennallen,State SUB,2,6/8/2022,7,1
Glennallen,Federal SUB,2,6/8/2022,11,
Glennallen,Federal SUB,2,6/8/2022,2,
Glennallen,State SUB,2,6/9/2022,0,1
Glennallen,State SUB,2,6/9/2022,0,1
Glennallen,State SUB,2,6/9/2022,0,0
Glennallen,State SUB,2,6/9/2022,0,0
Glennallen,State SUB,2,6/9/2022,0,0
Glennallen,State SUB,2,6/9/2022,8,0
Glennallen,State SUB,2,6/9/2022,2,0
Glennallen,State SUB,2,6/9/2022,4,7
Glennallen,State SUB,2,6/9/2022,4,2
Glennallen,Federal SUB,2,6/9/2022,2,
Glennallen,State SUB,2,6/10/2022,0,0
Glennallen,State SUB,2,6/10/2022,0,0
Glennallen,State SUB,2,6/10/2022,0,1
Glennallen,State SUB,2,6/10/2022,4,5
Glennallen,State SUB,2,6/10/2022,1,0
Glennallen,State SUB,2,6/10/2022,0,0
Glennallen,State SUB,2,6/10/2022,0,0
Glennallen,State SUB,2,6/10/2022,0,0
Glennallen,State SUB,2,6/10/2022,4,0
Glennallen,State SUB,2,6/10/2022,18,2
Glennallen,State SUB,2,6/10/2022,2,5
Glennallen,State SUB,2,6/10/2022,5,0
Glennallen,State SUB,2,6/10/2022,3,8
Glennallen,State SUB,2,6/10/2022,0,1
Glennallen,Federal SUB,2,6/10/2022,4,
Glennallen,Federal SUB,2,6/10/2022,11,
Glennallen,State SUB,2,6/11/2022,0,0
Glennallen,State SUB,2,6/11/2022,0,0
Glennallen,State SUB,2,6/11/2022,0,1
Glennallen,State SUB,2,6/11/2022,0,0
Glennallen,State SUB,2,6/11/2022,0,4
Glennallen,State SUB,2,6/11/2022,0,2
Glennallen,State SUB,2,6/11/2022,0,2
Glennallen,State SUB,2,6/11/2022,0,3
Glennallen,State SUB,2,6/11/2022,2,1
Glennallen,State SUB,2,6/11/2022,2,5
Glennallen,State SUB,2,6/11/2022,0,0
Glennallen,State SUB,2,6/11/2022,38,3
Glennallen,State SUB,2,6/11/2022,0,0
Glennallen,State SUB,2,6/11/2022,0,1
Glennallen,State SUB,2,6/11/2022,1,0
Glennallen,State SUB,2,6/11/2022,3,0
Glennallen,State SUB,2,6/11/2022,30,5
Glennallen,State SUB,2,6/11/2022,0,0
Glennallen,State SUB,2,6/11/2022,1,6
Glennallen,State SUB,2,6/11/2022,40,1
Glennallen,State SUB,2,6/11/2022,30,6
Glennallen,State SUB,2,6/11/2022,0,1
Glennallen,State SUB,2,6/11/2022,0,0
Glennallen,State SUB,2,6/11/2022,0,1
Glennallen,State SUB,2,6/11/2022,9,0
Glennallen,State SUB,2,6/11/2022,3,5
Glennallen,State SUB,2,6/11/2022,0,1
Glennallen,State SUB,2,6/11/2022,2,5
Glennallen,Federal SUB,2,6/11/2022,11,
Glennallen,Federal SUB,2,6/11/2022,5,
Glennallen,State SUB,2,6/12/2022,0,1
Glennallen,State SUB,2,6/12/2022,0,0
Glennallen,State SUB,2,6/12/2022,1,4
Glennallen,State SUB,2,6/12/2022,0,5
Glennallen,State SUB,2,6/12/2022,0,0
Glennallen,State SUB,2,6/12/2022,0,3
Glennallen,State SUB,2,6/12/2022,0,3
Glennallen,State SUB,2,6/12/2022,3,5
Glennallen,State SUB,2,6/12/2022,0,0
Glennallen,State SUB,2,6/12/2022,1,3
Glennallen,State SUB,2,6/12/2022,1,5
Glennallen,State SUB,2,6/12/2022,2,0
Glennallen,State SUB,2,6/12/2022,0,1
Glennallen,State SUB,2,6/12/2022,2,0
Glennallen,State SUB,2,6/12/2022,0,1
Glennallen,State SUB,2,6/12/2022,0,4
Glennallen,State SUB,2,6/12/2022,3,9
Glennallen,State SUB,2,6/12/2022,4,0
Glennallen,State SUB,2,6/12/2022,2,6
Glennallen,State SUB,2,6/12/2022,0,2
Glennallen,State SUB,2,6/12/2022,0,1
Glennallen,State SUB,2,6/12/2022,12,2
Glennallen,State SUB,2,6/12/2022,13,1
Glennallen,State SUB,2,6/12/2022,8,1
Glennallen,State SUB,2,6/12/2022,17,3
Glennallen,State SUB,2,6/12/2022,2,0
Glennallen,Federal SUB,2,6/12/2022,10,
Glennallen,Federal SUB,2,6/12/2022,6,
Glennallen,State SUB,3,6/13/2022,0,1
Glennallen,State SUB,3,6/13/2022,1,4
Glennallen,State SUB,3,6/13/2022,16,5
Glennallen,State SUB,3,6/13/2022,17,2
Glennallen,State SUB,3,6/13/2022,1,3
Glennallen,State SUB,3,6/13/2022,0,1
Glennallen,State SUB,3,6/13/2022,0,0
Glennallen,State SUB,3,6/13/2022,0,5
Glennallen,State SUB,3,6/13/2022,6,1
Glennallen,State SUB,3,6/13/2022,6,1
Glennallen,State SUB,3,6/13/2022,50,0
Glennallen,State SUB,3,6/13/2022,6,2
Glennallen,State SUB,3,6/13/2022,2,4
Glennallen,State SUB,3,6/13/2022,2,5
Glennallen,State SUB,3,6/13/2022,18,1
Glennallen,State SUB,3,6/13/2022,40,5
Glennallen,State SUB,3,6/13/2022,1,2
Glennallen,State SUB,3,6/13/2022,7,0
Glennallen,State SUB,3,6/13/2022,51,5
Glennallen,State SUB,3,6/13/2022,3,5
Glennallen,State SUB,3,6/13/2022,9,2
Glennallen,State SUB,3,6/13/2022,50,4
Glennallen,State SUB,3,6/13/2022,5,0
Glennallen,State SUB,3,6/13/2022,5,5
Glennallen,State SUB,3,6/13/2022,0,5
Glennallen,State SUB,3,6/13/2022,56,3
Glennallen,State SUB,3,6/13/2022,4,0
Glennallen,State SUB,3,6/13/2022,0,0
Glennallen,State SUB,3,6/13/2022,52,5
Glennallen,State SUB,3,6/13/2022,4,0
Glennallen,State SUB,3,6/13/2022,13,4
Glennallen,State SUB,3,6/13/2022,67,4
Glennallen,State SUB,3,6/13/2022,1,1
Glennallen,State SUB,3,6/13/2022,2,1
Glennallen,Federal SUB,3,6/13/2022,25,
Glennallen,Federal SUB,3,6/13/2022,9,
Glennallen,Federal SUB,3,6/13/2022,5,
Glennallen,Federal SUB,3,6/13/2022,11,
Glennallen,Federal SUB,3,6/13/2022,18,
Glennallen,State SUB,3,6/14/2022,3,5
Glennallen,State SUB,3,6/14/2022,0,5
Glennallen,State SUB,3,6/14/2022,20,0
Glennallen,State SUB,3,6/14/2022,2,5
Glennallen,State SUB,3,6/14/2022,2,11
Glennallen,State SUB,3,6/14/2022,1,0
Glennallen,State SUB,3,6/14/2022,34,5
Glennallen,State SUB,3,6/14/2022,3,5
Glennallen,State SUB,3,6/14/2022,20,0
Glennallen,State SUB,3,6/14/2022,8,0
Glennallen,State SUB,3,6/14/2022,30,0
Glennallen,State SUB,3,6/14/2022,1,0
Glennallen,State SUB,3,6/14/2022,11,8
Glennallen,State SUB,3,6/14/2022,6,0
Glennallen,State SUB,3,6/14/2022,10,3
Glennallen,State SUB,3,6/14/2022,3,5
Glennallen,State SUB,3,6/14/2022,0,10
Glennallen,State SUB,3,6/14/2022,15,0
Glennallen,State SUB,3,6/14/2022,8,5
Glennallen,State SUB,3,6/14/2022,39,1
Glennallen,State SUB,3,6/14/2022,0,1
Glennallen,State SUB,3,6/14/2022,0,1
Glennallen,State SUB,3,6/14/2022,2,0
Glennallen,State SUB,3,6/14/2022,7,0
Glennallen,State SUB,3,6/14/2022,1,5
Glennallen,State SUB,3,6/14/2022,0,13
Glennallen,State SUB,3,6/14/2022,5,1
Glennallen,State SUB,3,6/14/2022,4,3
Glennallen,State SUB,3,6/14/2022,0,0
Glennallen,State SUB,3,6/14/2022,9,0
Glennallen,State SUB,3,6/14/2022,0,5
Glennallen,State SUB,3,6/14/2022,7,5
Glennallen,State SUB,3,6/14/2022,0,5
Glennallen,State SUB,3,6/14/2022,5,5
Glennallen,State SUB,3,6/14/2022,0,1
Glennallen,State SUB,3,6/14/2022,31,2
Glennallen,State SUB,3,6/14/2022,0,5
Glennallen,State SUB,3,6/14/2022,0,5
Glennallen,State SUB,3,6/14/2022,10,5
Glennallen,Federal SUB,3,6/14/2022,7,
Glennallen,Federal SUB,3,6/14/2022,13,
Glennallen,Federal SUB,3,6/14/2022,16,
Glennallen,Federal SUB,3,6/14/2022,9,
Glennallen,Federal SUB,3,6/14/2022,3,
Glennallen,State SUB,3,6/15/2022,0,0
Glennallen,State SUB,3,6/15/2022,10,5
Glennallen,State SUB,3,6/15/2022,0,4
Glennallen,State SUB,3,6/15/2022,1,2
Glennallen,State SUB,3,6/15/2022,65,5
Glennallen,State SUB,3,6/15/2022,33,6
Glennallen,State SUB,3,6/15/2022,10,5
Glennallen,State SUB,3,6/15/2022,6,0
Glennallen,State SUB,3,6/15/2022,2,2
Glennallen,State SUB,3,6/15/2022,55,5
Glennallen,State SUB,3,6/15/2022,62,5
Glennallen,State SUB,3,6/15/2022,24,2
Glennallen,State SUB,3,6/15/2022,30,6
Glennallen,State SUB,3,6/15/2022,40,3
Glennallen,State SUB,3,6/15/2022,50,5
Glennallen,State SUB,3,6/15/2022,29,5
Glennallen,State SUB,3,6/15/2022,7,0
Glennallen,State SUB,3,6/15/2022,4,1
Glennallen,State SUB,3,6/15/2022,10,0
Glennallen,State SUB,3,6/15/2022,0,8
Glennallen,State SUB,3,6/15/2022,20,3
Glennallen,State SUB,3,6/15/2022,23,6
Glennallen,State SUB,3,6/15/2022,0,0
Glennallen,State SUB,3,6/15/2022,10,2
Glennallen,State SUB,3,6/15/2022,28,5
Glennallen,State SUB,3,6/15/2022,30,5
Glennallen,State SUB,3,6/15/2022,28,0
Glennallen,State SUB,3,6/15/2022,22,2
Glennallen,State SUB,3,6/15/2022,23,2
Glennallen,State SUB,3,6/15/2022,25,1
Glennallen,State SUB,3,6/15/2022,0,0
Glennallen,State SUB,3,6/15/2022,0,1
Glennallen,Federal SUB,3,6/15/2022,5,
Glennallen,Federal SUB,3,6/15/2022,23,
Glennallen,Federal SUB,3,6/15/2022,20,
Glennallen,Federal SUB,3,6/15/2022,2,
Glennallen,Federal SUB,3,6/15/2022,1,
Glennallen,Federal SUB,3,6/15/2022,3,
Glennallen,Federal SUB,3,6/15/2022,8,
Glennallen,State SUB,3,6/16/2022,14,1
Glennallen,State SUB,3,6/16/2022,56,0
Glennallen,State SUB,3,6/16/2022,6,1
Glennallen,State SUB,3,6/16/2022,2,0
Glennallen,State SUB,3,6/16/2022,20,0
Glennallen,State SUB,3,6/16/2022,6,1
Glennallen,State SUB,3,6/16/2022,2,2
Glennallen,State SUB,3,6/16/2022,15,2
Glennallen,State SUB,3,6/16/2022,18,0
Glennallen,State SUB,3,6/16/2022,25,0
Glennallen,State SUB,3,6/16/2022,94,5
Glennallen,State SUB,3,6/16/2022,34,0
Glennallen,State SUB,3,6/16/2022,10,0
Glennallen,State SUB,3,6/16/2022,43,0
Glennallen,State SUB,3,6/16/2022,38,0
Glennallen,State SUB,3,6/16/2022,30,4
Glennallen,State SUB,3,6/16/2022,40,0
Glennallen,State SUB,3,6/16/2022,75,8
Glennallen,State SUB,3,6/16/2022,87,5
Glennallen,State SUB,3,6/16/2022,9,4
Glennallen,State SUB,3,6/16/2022,25,2
Glennallen,State SUB,3,6/16/2022,35,5
Glennallen,State SUB,3,6/16/2022,16,0
Glennallen,State SUB,3,6/16/2022,30,0
Glennallen,State SUB,3,6/16/2022,18,2
Glennallen,State SUB,3,6/16/2022,30,0
Glennallen,State SUB,3,6/16/2022,42,2
Glennallen,State SUB,3,6/16/2022,36,4
Glennallen,State SUB,3,6/16/2022,33,3
Glennallen,State SUB,3,6/16/2022,6,2
Glennallen,State SUB,3,6/16/2022,18,2
Glennallen,State SUB,3,6/16/2022,261,4
Glennallen,State SUB,3,6/16/2022,45,5
Glennallen,State SUB,3,6/16/2022,5,1
Glennallen,State SUB,3,6/16/2022,75,2
Glennallen,State SUB,3,6/16/2022,8,2
Glennallen,State SUB,3,6/16/2022,43,5
Glennallen,State SUB,3,6/16/2022,40,0
Glennallen,State SUB,3,6/16/2022,175,7
Glennallen,State SUB,3,6/16/2022,25,0
Glennallen,State SUB,3,6/16/2022,10,3
Glennallen,State SUB,3,6/16/2022,37,5
Glennallen,State SUB,3,6/16/2022,32,0
Glennallen,State SUB,3,6/16/2022,9,0
Glennallen,State SUB,3,6/16/2022,12,2
Glennallen,State SUB,3,6/16/2022,20,2
Glennallen,State SUB,3,6/16/2022,38,0
Glennallen,State SUB,3,6/16/2022,24,2
Glennallen,State SUB,3,6/16/2022,20,0
Glennallen,State SUB,3,6/16/2022,40,4
Glennallen,Federal SUB,3,6/16/2022,17,
Glennallen,Federal SUB,3,6/16/2022,3,
Glennallen,Federal SUB,3,6/16/2022,27,
Glennallen,Federal SUB,3,6/16/2022,12,
Glennallen,Federal SUB,3,6/16/2022,3,
Glennallen,Federal SUB,3,6/16/2022,6,
Glennallen,Federal SUB,3,6/16/2022,6,
Glennallen,State SUB,3,6/17/2022,26,1
Glennallen,State SUB,3,6/17/2022,36,0
Glennallen,State SUB,3,6/17/2022,22,2
Glennallen,State SUB,3,6/17/2022,50,5
Glennallen,State SUB,3,6/17/2022,55,2
Glennallen,State SUB,3,6/17/2022,28,3
Glennallen,State SUB,3,6/17/2022,40,4
Glennallen,State SUB,3,6/17/2022,55,5
Glennallen,State SUB,3,6/17/2022,20,2
Glennallen,State SUB,3,6/17/2022,22,1
Glennallen,State SUB,3,6/17/2022,76,3
Glennallen,State SUB,3,6/17/2022,3,1
Glennallen,State SUB,3,6/17/2022,30,2
Glennallen,State SUB,3,6/17/2022,67,2
Glennallen,State SUB,3,6/17/2022,3,1
Glennallen,State SUB,3,6/17/2022,12,1
Glennallen,State SUB,3,6/17/2022,16,2
Glennallen,State SUB,3,6/17/2022,30,5
Glennallen,State SUB,3,6/17/2022,35,2
Glennallen,State SUB,3,6/17/2022,42,5
Glennallen,State SUB,3,6/17/2022,25,0
Glennallen,State SUB,3,6/17/2022,45,0
Glennallen,State SUB,3,6/17/2022,95,2
Glennallen,State SUB,3,6/17/2022,73,1
Glennallen,State SUB,3,6/17/2022,16,1
Glennallen,State SUB,3,6/17/2022,45,1
Glennallen,State SUB,3,6/17/2022,40,5
Glennallen,State SUB,3,6/17/2022,70,3
Glennallen,State SUB,3,6/17/2022,17,0
Glennallen,State SUB,3,6/17/2022,40,5
Glennallen,State SUB,3,6/17/2022,94,2
Glennallen,State SUB,3,6/17/2022,68,1
Glennallen,State SUB,3,6/17/2022,40,1
Glennallen,State SUB,3,6/17/2022,17,2
Glennallen,State SUB,3,6/17/2022,2,0
Glennallen,State SUB,3,6/17/2022,41,1
Glennallen,State SUB,3,6/17/2022,10,0
Glennallen,State SUB,3,6/17/2022,34,2
Glennallen,State SUB,3,6/17/2022,106,1
Glennallen,State SUB,3,6/17/2022,0,2
Glennallen,State SUB,3,6/17/2022,0,2
Glennallen,State SUB,3,6/17/2022,6,3
Glennallen,State SUB,3,6/17/2022,100,4
Glennallen,State SUB,3,6/17/2022,1,6
Glennallen,State SUB,3,6/17/2022,8,0
Glennallen,State SUB,3,6/17/2022,9,0
Glennallen,State SUB,3,6/17/2022,15,0
Glennallen,State SUB,3,6/17/2022,8,0
Glennallen,State SUB,3,6/17/2022,0,0
Glennallen,State SUB,3,6/17/2022,144,7
Glennallen,State SUB,3,6/17/2022,30,1
Glennallen,State SUB,3,6/17/2022,46,0
Glennallen,State SUB,3,6/17/2022,35,1
Glennallen,State SUB,3,6/17/2022,13,0
Glennallen,State SUB,3,6/17/2022,5,0
Glennallen,State SUB,3,6/17/2022,17,0
Glennallen,State SUB,3,6/17/2022,50,0
Glennallen,State SUB,3,6/17/2022,30,5
Glennallen,State SUB,3,6/17/2022,5,2
Glennallen,State SUB,3,6/17/2022,66,1
Glennallen,State SUB,3,6/17/2022,31,2
Glennallen,State SUB,3,6/17/2022,93,5
Glennallen,State SUB,3,6/17/2022,11,1
Glennallen,State SUB,3,6/17/2022,45,4
Glennallen,State SUB,3,6/17/2022,100,0
Glennallen,State SUB,3,6/17/2022,15,2
Glennallen,State SUB,3,6/17/2022,47,5
Glennallen,State SUB,3,6/17/2022,29,1
Glennallen,State SUB,3,6/17/2022,42,1
Glennallen,State SUB,3,6/17/2022,1,0
Glennallen,State SUB,3,6/17/2022,48,5
Glennallen,State SUB,3,6/17/2022,80,5
Glennallen,State SUB,3,6/17/2022,30,5
Glennallen,State SUB,3,6/17/2022,49,4
Glennallen,State SUB,3,6/17/2022,66,2
Glennallen,State SUB,3,6/17/2022,37,2
Glennallen,State SUB,3,6/17/2022,10,5
Glennallen,State SUB,3,6/17/2022,155,5
Glennallen,State SUB,3,6/17/2022,48,2
Glennallen,State SUB,3,6/17/2022,25,0
Glennallen,State SUB,3,6/17/2022,6,1
Glennallen,State SUB,3,6/17/2022,40,1
Glennallen,State SUB,3,6/17/2022,20,2
Glennallen,State SUB,3,6/17/2022,81,4
Glennallen,State SUB,3,6/17/2022,44,0
Glennallen,State SUB,3,6/17/2022,48,0
Glennallen,State SUB,3,6/17/2022,65,2
Glennallen,Federal SUB,3,6/17/2022,4,
Glennallen,Federal SUB,3,6/17/2022,6,
Glennallen,Federal SUB,3,6/17/2022,31,
Glennallen,Federal SUB,3,6/17/2022,1,
Glennallen,Federal SUB,3,6/17/2022,5,
Glennallen,Federal SUB,3,6/17/2022,16,
Glennallen,Federal SUB,3,6/17/2022,7,
Glennallen,Federal SUB,3,6/17/2022,20,
Glennallen,State SUB,3,6/18/2022,30,4
Glennallen,State SUB,3,6/18/2022,52,4
Glennallen,State SUB,3,6/18/2022,84,1
Glennallen,State SUB,3,6/18/2022,7,1
Glennallen,State SUB,3,6/18/2022,37,2
Glennallen,State SUB,3,6/18/2022,34,0
Glennallen,State SUB,3,6/18/2022,27,1
Glennallen,State SUB,3,6/18/2022,1,4
Glennallen,State SUB,3,6/18/2022,1,1
Glennallen,State SUB,3,6/18/2022,37,4
Glennallen,State SUB,3,6/18/2022,53,0
Glennallen,State SUB,3,6/18/2022,85,3
Glennallen,State SUB,3,6/18/2022,33,4
Glennallen,State SUB,3,6/18/2022,31,4
Glennallen,State SUB,3,6/18/2022,42,2
Glennallen,State SUB,3,6/18/2022,61,0
Glennallen,State SUB,3,6/18/2022,12,1
Glennallen,State SUB,3,6/18/2022,37,0
Glennallen,State SUB,3,6/18/2022,127,1
Glennallen,State SUB,3,6/18/2022,60,0
Glennallen,State SUB,3,6/18/2022,90,4
Glennallen,State SUB,3,6/18/2022,38,2
Glennallen,State SUB,3,6/18/2022,0,0
Glennallen,State SUB,3,6/18/2022,125,0
Glennallen,State SUB,3,6/18/2022,44,2
Glennallen,State SUB,3,6/18/2022,32,0
Glennallen,State SUB,3,6/18/2022,151,2
Glennallen,State SUB,3,6/18/2022,84,2
Glennallen,State SUB,3,6/18/2022,8,1
Glennallen,State SUB,3,6/18/2022,47,3
Glennallen,State SUB,3,6/18/2022,56,3
Glennallen,State SUB,3,6/18/2022,212,35
Glennallen,State SUB,3,6/18/2022,68,4
Glennallen,State SUB,3,6/18/2022,0,2
Glennallen,State SUB,3,6/18/2022,35,3
Glennallen,State SUB,3,6/18/2022,60,0
Glennallen,State SUB,3,6/18/2022,51,0
Glennallen,State SUB,3,6/18/2022,50,3
Glennallen,State SUB,3,6/18/2022,10,5
Glennallen,State SUB,3,6/18/2022,13,0
Glennallen,State SUB,3,6/18/2022,24,1
Glennallen,State SUB,3,6/18/2022,55,0
Glennallen,State SUB,3,6/18/2022,50,1
Glennallen,State SUB,3,6/18/2022,25,0
Glennallen,State SUB,3,6/18/2022,53,1
Glennallen,State SUB,3,6/18/2022,140,0
Glennallen,State SUB,3,6/18/2022,40,3
Glennallen,State SUB,3,6/18/2022,54,13
Glennallen,State SUB,3,6/18/2022,61,1
Glennallen,State SUB,3,6/18/2022,7,1
Glennallen,State SUB,3,6/18/2022,53,0
Glennallen,State SUB,3,6/18/2022,1,0
Glennallen,State SUB,3,6/18/2022,13,2
Glennallen,State SUB,3,6/18/2022,56,0
Glennallen,State SUB,3,6/18/2022,90,0
Glennallen,State SUB,3,6/18/2022,10,1
Glennallen,State SUB,3,6/18/2022,17,0
Glennallen,State SUB,3,6/18/2022,0,0
Glennallen,State SUB,3,6/18/2022,120,2
Glennallen,State SUB,3,6/18/2022,19,0
Glennallen,State SUB,3,6/18/2022,55,2
Glennallen,State SUB,3,6/18/2022,18,0
Glennallen,State SUB,3,6/18/2022,17,1
Glennallen,State SUB,3,6/18/2022,38,2
Glennallen,State SUB,3,6/18/2022,17,0
Glennallen,State SUB,3,6/18/2022,70,1
Glennallen,State SUB,3,6/18/2022,16,1
Glennallen,State SUB,3,6/18/2022,88,0
Glennallen,State SUB,3,6/18/2022,30,1
Glennallen,State SUB,3,6/18/2022,63,0
Glennallen,State SUB,3,6/18/2022,80,1
Glennallen,Federal SUB,3,6/18/2022,4,
Glennallen,Federal SUB,3,6/18/2022,11,
Glennallen,Federal SUB,3,6/18/2022,33,
Glennallen,Federal SUB,3,6/18/2022,32,
Glennallen,Federal SUB,3,6/18/2022,4,
Glennallen,Federal SUB,3,6/18/2022,3,
Glennallen,Federal SUB,3,6/18/2022,12,
Glennallen,State SUB,3,6/19/2022,0,4
Glennallen,State SUB,3,6/19/2022,27,3
Glennallen,State SUB,3,6/19/2022,40,1
Glennallen,State SUB,3,6/19/2022,56,0
Glennallen,State SUB,3,6/19/2022,70,2
Glennallen,State SUB,3,6/19/2022,23,1
Glennallen,State SUB,3,6/19/2022,4,0
Glennallen,State SUB,3,6/19/2022,5,5
Glennallen,State SUB,3,6/19/2022,9,4
Glennallen,State SUB,3,6/19/2022,94,5
Glennallen,State SUB,3,6/19/2022,61,0
Glennallen,State SUB,3,6/19/2022,34,1
Glennallen,State SUB,3,6/19/2022,38,0
Glennallen,State SUB,3,6/19/2022,42,2
Glennallen,State SUB,3,6/19/2022,10,0
Glennallen,State SUB,3,6/19/2022,0,0
Glennallen,State SUB,3,6/19/2022,21,0
Glennallen,State SUB,3,6/19/2022,30,0
Glennallen,State SUB,3,6/19/2022,43,1
Glennallen,State SUB,3,6/19/2022,38,3
Glennallen,State SUB,3,6/19/2022,19,2
Glennallen,State SUB,3,6/19/2022,7,0
Glennallen,State SUB,3,6/19/2022,23,0
Glennallen,State SUB,3,6/19/2022,4,0
Glennallen,State SUB,3,6/19/2022,6,2
Glennallen,State SUB,3,6/19/2022,28,2
Glennallen,State SUB,3,6/19/2022,60,3
Glennallen,State SUB,3,6/19/2022,3,0
Glennallen,State SUB,3,6/19/2022,18,1
Glennallen,State SUB,3,6/19/2022,67,0
Glennallen,State SUB,3,6/19/2022,44,2
Glennallen,State SUB,3,6/19/2022,0,0
Glennallen,State SUB,3,6/19/2022,48,2
Glennallen,State SUB,3,6/19/2022,74,1
Glennallen,State SUB,3,6/19/2022,1,0
Glennallen,State SUB,3,6/19/2022,50,0
Glennallen,State SUB,3,6/19/2022,17,3
Glennallen,State SUB,3,6/19/2022,20,0
Glennallen,State SUB,3,6/19/2022,2,0
Glennallen,State SUB,3,6/19/2022,60,0
Glennallen,State SUB,3,6/19/2022,25,2
Glennallen,State SUB,3,6/19/2022,132,0
Glennallen,State SUB,3,6/19/2022,28,0
Glennallen,State SUB,3,6/19/2022,50,2
Glennallen,State SUB,3,6/19/2022,18,0
Glennallen,State SUB,3,6/19/2022,37,4
Glennallen,State SUB,3,6/19/2022,0,0
Glennallen,State SUB,3,6/19/2022,135,4
Glennallen,Federal SUB,3,6/19/2022,16,
Glennallen,Federal SUB,3,6/19/2022,31,
Glennallen,Federal SUB,3,6/19/2022,21,
Glennallen,Federal SUB,3,6/19/2022,15,
Glennallen,Federal SUB,3,6/19/2022,2,
Glennallen,Federal SUB,3,6/19/2022,16,
Glennallen,Federal SUB,3,6/19/2022,2,
Glennallen,Federal SUB,3,6/19/2022,29,
Glennallen,Federal SUB,3,6/19/2022,4,
Glennallen,Federal SUB,3,6/19/2022,9,
Glennallen,Federal SUB,3,6/19/2022,35,
Glennallen,Federal SUB,3,6/19/2022,6,
Glennallen,Federal SUB,3,6/19/2022,18,
Glennallen,State SUB,4,6/20/2022,40,1
Glennallen,State SUB,4,6/20/2022,22,1
Glennallen,State SUB,4,6/20/2022,4,0
Glennallen,State SUB,4,6/20/2022,30,5
Glennallen,State SUB,4,6/20/2022,0,0
Glennallen,State SUB,4,6/20/2022,10,3
Glennallen,State SUB,4,6/20/2022,18,2
Glennallen,State SUB,4,6/20/2022,35,2
Glennallen,State SUB,4,6/20/2022,7,2
Glennallen,State SUB,4,6/20/2022,5,1
Glennallen,State SUB,4,6/20/2022,25,6
Glennallen,State SUB,4,6/20/2022,38,5
Glennallen,State SUB,4,6/20/2022,19,0
Glennallen,State SUB,4,6/20/2022,35,0
Glennallen,State SUB,4,6/20/2022,57,0
Glennallen,State SUB,4,6/20/2022,53,2
Glennallen,State SUB,4,6/20/2022,43,5
Glennallen,State SUB,4,6/20/2022,10,2
Glennallen,State SUB,4,6/20/2022,35,3
Glennallen,State SUB,4,6/20/2022,21,1
Glennallen,State SUB,4,6/20/2022,93,3
Glennallen,State SUB,4,6/20/2022,27,3
Glennallen,State SUB,4,6/20/2022,50,3
Glennallen,State SUB,4,6/20/2022,25,2
Glennallen,State SUB,4,6/20/2022,30,0
Glennallen,State SUB,4,6/20/2022,24,0
Glennallen,State SUB,4,6/20/2022,22,0
Glennallen,State SUB,4,6/20/2022,45,3
Glennallen,State SUB,4,6/20/2022,27,3
Glennallen,State SUB,4,6/20/2022,25,0
Glennallen,State SUB,4,6/20/2022,6,0
Glennallen,State SUB,4,6/20/2022,14,1
Glennallen,State SUB,4,6/20/2022,23,7
Glennallen,State SUB,4,6/20/2022,209,1
Glennallen,State SUB,4,6/20/2022,86,1
Glennallen,State SUB,4,6/20/2022,64,4
Glennallen,State SUB,4,6/20/2022,65,5
Glennallen,State SUB,4,6/20/2022,20,1
Glennallen,State SUB,4,6/20/2022,52,9
Glennallen,State SUB,4,6/20/2022,20,1
Glennallen,State SUB,4,6/20/2022,0,2
Glennallen,State SUB,4,6/20/2022,47,0
Glennallen,State SUB,4,6/20/2022,30,1
Glennallen,State SUB,4,6/20/2022,11,4
Glennallen,State SUB,4,6/20/2022,115,4
Glennallen,State SUB,4,6/20/2022,39,1
Glennallen,State SUB,4,6/20/2022,21,0
Glennallen,State SUB,4,6/20/2022,30,0
Glennallen,State SUB,4,6/20/2022,15,2
Glennallen,State SUB,4,6/20/2022,2,0
Glennallen,State SUB,4,6/20/2022,25,0
Glennallen,State SUB,4,6/20/2022,20,2
Glennallen,State SUB,4,6/20/2022,76,2
Glennallen,Federal SUB,4,6/20/2022,19,
Glennallen,Federal SUB,4,6/20/2022,7,
Glennallen,Federal SUB,4,6/20/2022,43,
Glennallen,Federal SUB,4,6/20/2022,10,
Glennallen,Federal SUB,4,6/20/2022,7,
Glennallen,Federal SUB,4,6/20/2022,1,
Glennallen,Federal SUB,4,6/20/2022,18,
Glennallen,Federal SUB,4,6/20/2022,8,
Glennallen,Federal SUB,4,6/20/2022,13,
Glennallen,Federal SUB,4,6/20/2022,17,
Glennallen,Federal SUB,4,6/20/2022,40,
Glennallen,Federal SUB,4,6/20/2022,42,
Glennallen,Federal SUB,4,6/20/2022,41,
Glennallen,State SUB,4,6/21/2022,10,2
Glennallen,State SUB,4,6/21/2022,14,0
Glennallen,State SUB,4,6/21/2022,0,0
Glennallen,State SUB,4,6/21/2022,25,1
Glennallen,State SUB,4,6/21/2022,0,5
Glennallen,State SUB,4,6/21/2022,25,2
Glennallen,State SUB,4,6/21/2022,10,3
Glennallen,State SUB,4,6/21/2022,41,1
Glennallen,State SUB,4,6/21/2022,20,2
Glennallen,State SUB,4,6/21/2022,11,2
Glennallen,State SUB,4,6/21/2022,65,5
Glennallen,State SUB,4,6/21/2022,45,5
Glennallen,State SUB,4,6/21/2022,37,4
Glennallen,State SUB,4,6/21/2022,51,5
Glennallen,State SUB,4,6/21/2022,7,0
Glennallen,State SUB,4,6/21/2022,47,1
Glennallen,State SUB,4,6/21/2022,5,2
Glennallen,State SUB,4,6/21/2022,5,2
Glennallen,State SUB,4,6/21/2022,35,3
Glennallen,State SUB,4,6/21/2022,10,0
Glennallen,State SUB,4,6/21/2022,6,1
Glennallen,State SUB,4,6/21/2022,32,4
Glennallen,State SUB,4,6/21/2022,12,0
Glennallen,State SUB,4,6/21/2022,30,3
Glennallen,State SUB,4,6/21/2022,30,0
Glennallen,State SUB,4,6/21/2022,15,2
Glennallen,State SUB,4,6/21/2022,164,5
Glennallen,State SUB,4,6/21/2022,4,0
Glennallen,State SUB,4,6/21/2022,35,1
Glennallen,State SUB,4,6/21/2022,7,2
Glennallen,State SUB,4,6/21/2022,35,0
Glennallen,State SUB,4,6/21/2022,76,5
Glennallen,State SUB,4,6/21/2022,25,3
Glennallen,State SUB,4,6/21/2022,23,0
Glennallen,State SUB,4,6/21/2022,86,1
Glennallen,State SUB,4,6/21/2022,81,5
Glennallen,Federal SUB,4,6/21/2022,23,
Glennallen,Federal SUB,4,6/21/2022,48,
Glennallen,Federal SUB,4,6/21/2022,29,
Glennallen,Federal SUB,4,6/21/2022,5,
Glennallen,Federal SUB,4,6/21/2022,25,
Glennallen,Federal SUB,4,6/21/2022,2,
Glennallen,Federal SUB,4,6/21/2022,1,
Glennallen,Federal SUB,4,6/21/2022,8,
Glennallen,Federal SUB,4,6/21/2022,12,
Glennallen,Federal SUB,4,6/21/2022,40,
Glennallen,Federal SUB,4,6/21/2022,45,
Glennallen,Federal SUB,4,6/21/2022,122,
Glennallen,State SUB,4,6/22/2022,0,0
Glennallen,State SUB,4,6/22/2022,3,3
Glennallen,State SUB,4,6/22/2022,62,4
Glennallen,State SUB,4,6/22/2022,21,2
Glennallen,State SUB,4,6/22/2022,45,0
Glennallen,State SUB,4,6/22/2022,26,4
Glennallen,State SUB,4,6/22/2022,46,5
Glennallen,State SUB,4,6/22/2022,30,0
Glennallen,State SUB,4,6/22/2022,11,2
Glennallen,State SUB,4,6/22/2022,45,2
Glennallen,State SUB,4,6/22/2022,3,0
Glennallen,State SUB,4,6/22/2022,20,0
Glennallen,State SUB,4,6/22/2022,80,5
Glennallen,State SUB,4,6/22/2022,40,2
Glennallen,State SUB,4,6/22/2022,43,0
Glennallen,State SUB,4,6/22/2022,20,7
Glennallen,State SUB,4,6/22/2022,30,0
Glennallen,State SUB,4,6/22/2022,312,58
Glennallen,State SUB,4,6/22/2022,24,3
Glennallen,State SUB,4,6/22/2022,72,2
Glennallen,State SUB,4,6/22/2022,25,0
Glennallen,State SUB,4,6/22/2022,52,0
Glennallen,State SUB,4,6/22/2022,55,4
Glennallen,State SUB,4,6/22/2022,11,0
Glennallen,State SUB,4,6/22/2022,6,4
Glennallen,State SUB,4,6/22/2022,43,0
Glennallen,State SUB,4,6/22/2022,80,5
Glennallen,State SUB,4,6/22/2022,28,4
Glennallen,Federal SUB,4,6/22/2022,6,
Glennallen,Federal SUB,4,6/22/2022,11,
Glennallen,Federal SUB,4,6/22/2022,6,
Glennallen,Federal SUB,4,6/22/2022,89,
Glennallen,Federal SUB,4,6/22/2022,7,
Glennallen,Federal SUB,4,6/22/2022,1,
Glennallen,Federal SUB,4,6/22/2022,1,
Glennallen,Federal SUB,4,6/22/2022,12,
Glennallen,Federal SUB,4,6/22/2022,1,
Glennallen,Federal SUB,4,6/22/2022,105,
Glennallen,Federal SUB,4,6/22/2022,31,
Glennallen,Federal SUB,4,6/22/2022,80,
Glennallen,Federal SUB,4,6/22/2022,19,
Glennallen,Federal SUB,4,6/22/2022,17,
Glennallen,Federal SUB,4,6/22/2022,6,
Glennallen,Federal SUB,4,6/22/2022,8,
Glennallen,State SUB,4,6/23/2022,55,2
Glennallen,State SUB,4,6/23/2022,98,3
Glennallen,State SUB,4,6/23/2022,53,5
Glennallen,State SUB,4,6/23/2022,14,5
Glennallen,State SUB,4,6/23/2022,36,1
Glennallen,State SUB,4,6/23/2022,50,5
Glennallen,State SUB,4,6/23/2022,10,3
Glennallen,State SUB,4,6/23/2022,50,5
Glennallen,State SUB,4,6/23/2022,3,7
Glennallen,State SUB,4,6/23/2022,21,1
Glennallen,State SUB,4,6/23/2022,34,4
Glennallen,State SUB,4,6/23/2022,42,0
Glennallen,State SUB,4,6/23/2022,30,0
Glennallen,State SUB,4,6/23/2022,1,6
Glennallen,State SUB,4,6/23/2022,14,3
Glennallen,State SUB,4,6/23/2022,74,2
Glennallen,State SUB,4,6/23/2022,6,3
Glennallen,State SUB,4,6/23/2022,21,0
Glennallen,State SUB,4,6/23/2022,31,0
Glennallen,State SUB,4,6/23/2022,100,3
Glennallen,State SUB,4,6/23/2022,25,0
Glennallen,State SUB,4,6/23/2022,7,1
Glennallen,State SUB,4,6/23/2022,9,0
Glennallen,State SUB,4,6/23/2022,35,0
Glennallen,State SUB,4,6/23/2022,16,3
Glennallen,State SUB,4,6/23/2022,102,2
Glennallen,State SUB,4,6/23/2022,14,1
Glennallen,State SUB,4,6/23/2022,99,0
Glennallen,State SUB,4,6/23/2022,24,2
Glennallen,State SUB,4,6/23/2022,27,0
Glennallen,State SUB,4,6/23/2022,30,0
Glennallen,State SUB,4,6/23/2022,10,2
Glennallen,State SUB,4,6/23/2022,45,0
Glennallen,State SUB,4,6/23/2022,0,2
Glennallen,State SUB,4,6/23/2022,15,1
Glennallen,State SUB,4,6/23/2022,0,1
Glennallen,State SUB,4,6/23/2022,16,3
Glennallen,State SUB,4,6/23/2022,73,0
Glennallen,State SUB,4,6/23/2022,9,2
Glennallen,State SUB,4,6/23/2022,155,6
Glennallen,State SUB,4,6/23/2022,14,0
Glennallen,State SUB,4,6/23/2022,75,1
Glennallen,State SUB,4,6/23/2022,45,1
Glennallen,State SUB,4,6/23/2022,22,2
Glennallen,State SUB,4,6/23/2022,20,5
Glennallen,State SUB,4,6/23/2022,0,1
Glennallen,State SUB,4,6/23/2022,45,3
Glennallen,State SUB,4,6/23/2022,11,0
Glennallen,State SUB,4,6/23/2022,3,1
Glennallen,State SUB,4,6/23/2022,63,1
Glennallen,State SUB,4,6/23/2022,20,0
Glennallen,Federal SUB,4,6/23/2022,10,
Glennallen,Federal SUB,4,6/23/2022,33,
Glennallen,Federal SUB,4,6/23/2022,12,
Glennallen,Federal SUB,4,6/23/2022,89,
Glennallen,Federal SUB,4,6/23/2022,31,
Glennallen,Federal SUB,4,6/23/2022,15,
Glennallen,Federal SUB,4,6/23/2022,9,
Glennallen,Federal SUB,4,6/23/2022,3,
Glennallen,Federal SUB,4,6/23/2022,5,
Glennallen,Federal SUB,4,6/23/2022,4,
Glennallen,Federal SUB,4,6/23/2022,26,
Glennallen,Federal SUB,4,6/23/2022,36,
Glennallen,Federal SUB,4,6/23/2022,15,
Glennallen,Federal SUB,4,6/23/2022,21,
Glennallen,Federal SUB,4,6/23/2022,25,
Glennallen,Federal SUB,4,6/23/2022,4,
Glennallen,Federal SUB,4,6/23/2022,29,
Glennallen,State SUB,4,6/24/2022,10,0
Glennallen,State SUB,4,6/24/2022,10,2
Glennallen,State SUB,4,6/24/2022,6,0
Glennallen,State SUB,4,6/24/2022,2,0
Glennallen,State SUB,4,6/24/2022,28,3
Glennallen,State SUB,4,6/24/2022,15,2
Glennallen,State SUB,4,6/24/2022,35,5
Glennallen,State SUB,4,6/24/2022,120,4
Glennallen,State SUB,4,6/24/2022,50,2
Glennallen,State SUB,4,6/24/2022,34,7
Glennallen,State SUB,4,6/24/2022,14,0
Glennallen,State SUB,4,6/24/2022,22,3
Glennallen,State SUB,4,6/24/2022,4,0
Glennallen,State SUB,4,6/24/2022,12,0
Glennallen,State SUB,4,6/24/2022,10,2
Glennallen,State SUB,4,6/24/2022,35,5
Glennallen,State SUB,4,6/24/2022,143,0
Glennallen,State SUB,4,6/24/2022,84,2
Glennallen,State SUB,4,6/24/2022,20,0
Glennallen,State SUB,4,6/24/2022,30,0
Glennallen,State SUB,4,6/24/2022,127,3
Glennallen,State SUB,4,6/24/2022,0,4
Glennallen,State SUB,4,6/24/2022,54,4
Glennallen,State SUB,4,6/24/2022,15,0
Glennallen,State SUB,4,6/24/2022,39,0
Glennallen,State SUB,4,6/24/2022,40,5
Glennallen,State SUB,4,6/24/2022,14,0
Glennallen,State SUB,4,6/24/2022,11,0
Glennallen,State SUB,4,6/24/2022,0,0
Glennallen,State SUB,4,6/24/2022,12,0
Glennallen,State SUB,4,6/24/2022,24,0
Glennallen,State SUB,4,6/24/2022,27,0
Glennallen,State SUB,4,6/24/2022,42,1
Glennallen,State SUB,4,6/24/2022,18,4
Glennallen,State SUB,4,6/24/2022,125,3
Glennallen,State SUB,4,6/24/2022,122,2
Glennallen,State SUB,4,6/24/2022,12,0
Glennallen,State SUB,4,6/24/2022,32,1
Glennallen,State SUB,4,6/24/2022,30,1
Glennallen,State SUB,4,6/24/2022,13,2
Glennallen,State SUB,4,6/24/2022,2,5
Glennallen,State SUB,4,6/24/2022,16,0
Glennallen,State SUB,4,6/24/2022,43,1
Glennallen,State SUB,4,6/24/2022,0,0
Glennallen,State SUB,4,6/24/2022,26,3
Glennallen,State SUB,4,6/24/2022,48,6
Glennallen,State SUB,4,6/24/2022,40,6
Glennallen,State SUB,4,6/24/2022,11,1
Glennallen,State SUB,4,6/24/2022,69,0
Glennallen,Federal SUB,4,6/24/2022,6,
Glennallen,Federal SUB,4,6/24/2022,8,
Glennallen,Federal SUB,4,6/24/2022,130,
Glennallen,Federal SUB,4,6/24/2022,6,
Glennallen,Federal SUB,4,6/24/2022,12,
Glennallen,Federal SUB,4,6/24/2022,28,
Glennallen,Federal SUB,4,6/24/2022,4,
Glennallen,Federal SUB,4,6/24/2022,30,
Glennallen,Federal SUB,4,6/24/2022,3,
Glennallen,Federal SUB,4,6/24/2022,59,
Glennallen,Federal SUB,4,6/24/2022,15,
Glennallen,Federal SUB,4,6/24/2022,31,
Glennallen,Federal SUB,4,6/24/2022,17,
Glennallen,Federal SUB,4,6/24/2022,42,
Glennallen,State SUB,4,6/25/2022,15,0
Glennallen,State SUB,4,6/25/2022,24,1
Glennallen,State SUB,4,6/25/2022,14,2
Glennallen,State SUB,4,6/25/2022,30,0
Glennallen,State SUB,4,6/25/2022,16,2
Glennallen,State SUB,4,6/25/2022,12,0
Glennallen,State SUB,4,6/25/2022,30,0
Glennallen,State SUB,4,6/25/2022,54,7
Glennallen,State SUB,4,6/25/2022,32,1
Glennallen,State SUB,4,6/25/2022,26,2
Glennallen,State SUB,4,6/25/2022,52,2
Glennallen,State SUB,4,6/25/2022,0,0
Glennallen,State SUB,4,6/25/2022,28,2
Glennallen,State SUB,4,6/25/2022,1,0
Glennallen,State SUB,4,6/25/2022,2,0
Glennallen,State SUB,4,6/25/2022,20,5
Glennallen,State SUB,4,6/25/2022,22,1
Glennallen,State SUB,4,6/25/2022,30,0
Glennallen,State SUB,4,6/25/2022,17,0
Glennallen,State SUB,4,6/25/2022,11,3
Glennallen,State SUB,4,6/25/2022,24,0
Glennallen,State SUB,4,6/25/2022,8,1
Glennallen,State SUB,4,6/25/2022,25,0
Glennallen,State SUB,4,6/25/2022,20,0
Glennallen,State SUB,4,6/25/2022,25,0
Glennallen,State SUB,4,6/25/2022,50,0
Glennallen,State SUB,4,6/25/2022,91,0
Glennallen,State SUB,4,6/25/2022,169,2
Glennallen,State SUB,4,6/25/2022,1,2
Glennallen,State SUB,4,6/25/2022,22,0
Glennallen,State SUB,4,6/25/2022,12,0
Glennallen,State SUB,4,6/25/2022,11,0
Glennallen,State SUB,4,6/25/2022,7,0
Glennallen,State SUB,4,6/25/2022,4,1
Glennallen,State SUB,4,6/25/2022,60,1
Glennallen,State SUB,4,6/25/2022,24,0
Glennallen,State SUB,4,6/25/2022,18,0
Glennallen,State SUB,4,6/25/2022,40,1
Glennallen,State SUB,4,6/25/2022,20,0
Glennallen,State SUB,4,6/25/2022,15,2
Glennallen,State SUB,4,6/25/2022,65,0
Glennallen,State SUB,4,6/25/2022,28,0
Glennallen,State SUB,4,6/25/2022,19,2
Glennallen,State SUB,4,6/25/2022,86,0
Glennallen,State SUB,4,6/25/2022,8,0
Glennallen,State SUB,4,6/25/2022,12,4
Glennallen,State SUB,4,6/25/2022,2,1
Glennallen,State SUB,4,6/25/2022,47,3
Glennallen,State SUB,4,6/25/2022,5,1
Glennallen,State SUB,4,6/25/2022,29,2
Glennallen,State SUB,4,6/25/2022,0,0
Glennallen,Federal SUB,4,6/25/2022,8,
Glennallen,Federal SUB,4,6/25/2022,8,
Glennallen,Federal SUB,4,6/25/2022,20,
Glennallen,Federal SUB,4,6/25/2022,21,
Glennallen,Federal SUB,4,6/25/2022,19,
Glennallen,Federal SUB,4,6/25/2022,14,
Glennallen,Federal SUB,4,6/25/2022,20,
Glennallen,Federal SUB,4,6/25/2022,7,
Glennallen,Federal SUB,4,6/25/2022,31,
Glennallen,Federal SUB,4,6/25/2022,42,
Glennallen,Federal SUB,4,6/25/2022,60,
Glennallen,Federal SUB,4,6/25/2022,4,
Glennallen,Federal SUB,4,6/25/2022,68,
Glennallen,Federal SUB,4,6/25/2022,15,
Glennallen,Federal SUB,4,6/25/2022,1,
Glennallen,Federal SUB,4,6/25/2022,15,
Glennallen,Federal SUB,4,6/25/2022,6,
Glennallen,State SUB,4,6/26/2022,1,1
Glennallen,State SUB,4,6/26/2022,10,3
Glennallen,State SUB,4,6/26/2022,19,6
Glennallen,State SUB,4,6/26/2022,7,1
Glennallen,State SUB,4,6/26/2022,82,5
Glennallen,State SUB,4,6/26/2022,15,5
Glennallen,State SUB,4,6/26/2022,73,0
Glennallen,State SUB,4,6/26/2022,9,0
Glennallen,State SUB,4,6/26/2022,72,0
Glennallen,State SUB,4,6/26/2022,1,0
Glennallen,State SUB,4,6/26/2022,75,0
Glennallen,State SUB,4,6/26/2022,3,6
Glennallen,State SUB,4,6/26/2022,1,2
Glennallen,State SUB,4,6/26/2022,46,6
Glennallen,State SUB,4,6/26/2022,3,1
Glennallen,State SUB,4,6/26/2022,18,0
Glennallen,State SUB,4,6/26/2022,40,3
Glennallen,State SUB,4,6/26/2022,24,4
Glennallen,State SUB,4,6/26/2022,4,2
Glennallen,State SUB,4,6/26/2022,20,3
Glennallen,State SUB,4,6/26/2022,27,3
Glennallen,State SUB,4,6/26/2022,12,1
Glennallen,State SUB,4,6/26/2022,35,0
Glennallen,State SUB,4,6/26/2022,75,1
Glennallen,State SUB,4,6/26/2022,49,5
Glennallen,State SUB,4,6/26/2022,80,1
Glennallen,State SUB,4,6/26/2022,20,0
Glennallen,State SUB,4,6/26/2022,25,1
Glennallen,State SUB,4,6/26/2022,20,0
Glennallen,State SUB,4,6/26/2022,10,0
Glennallen,State SUB,4,6/26/2022,11,0
Glennallen,State SUB,4,6/26/2022,26,2
Glennallen,State SUB,4,6/26/2022,42,4
Glennallen,Federal SUB,4,6/26/2022,10,
Glennallen,Federal SUB,4,6/26/2022,18,
Glennallen,Federal SUB,4,6/26/2022,3,
Glennallen,Federal SUB,4,6/26/2022,25,
Glennallen,Federal SUB,4,6/26/2022,8,
Glennallen,Federal SUB,4,6/26/2022,3,
Glennallen,Federal SUB,4,6/26/2022,12,
Glennallen,Federal SUB,4,6/26/2022,15,
Glennallen,Federal SUB,4,6/26/2022,5,
Glennallen,Federal SUB,4,6/26/2022,18,
Glennallen,Federal SUB,4,6/26/2022,5,
Glennallen,Federal SUB,4,6/26/2022,3,
Glennallen,Federal SUB,4,6/26/2022,163,
Glennallen,Federal SUB,4,6/26/2022,37,
Glennallen,Federal SUB,4,6/26/2022,44,
Glennallen,Federal SUB,4,6/26/2022,8,
Glennallen,Federal SUB,4,6/26/2022,7,
Glennallen,State SUB,5,6/27/2022,31,0
Glennallen,State SUB,5,6/27/2022,42,9
Glennallen,State SUB,5,6/27/2022,36,4
Glennallen,State SUB,5,6/27/2022,14,1
Glennallen,State SUB,5,6/27/2022,116,2
Glennallen,State SUB,5,6/27/2022,3,0
Glennallen,State SUB,5,6/27/2022,20,0
Glennallen,State SUB,5,6/27/2022,19,0
Glennallen,State SUB,5,6/27/2022,1,3
Glennallen,State SUB,5,6/27/2022,21,0
Glennallen,State SUB,5,6/27/2022,83,5
Glennallen,State SUB,5,6/27/2022,51,1
Glennallen,State SUB,5,6/27/2022,101,25
Glennallen,State SUB,5,6/27/2022,0,0
Glennallen,State SUB,5,6/27/2022,2,0
Glennallen,State SUB,5,6/27/2022,5,3
Glennallen,State SUB,5,6/27/2022,14,0
Glennallen,State SUB,5,6/27/2022,93,3
Glennallen,State SUB,5,6/27/2022,1,0
Glennallen,State SUB,5,6/27/2022,15,0
Glennallen,State SUB,5,6/27/2022,20,0
Glennallen,State SUB,5,6/27/2022,75,4
Glennallen,Federal SUB,5,6/27/2022,9,
Glennallen,Federal SUB,5,6/27/2022,7,
Glennallen,Federal SUB,5,6/27/2022,12,
Glennallen,Federal SUB,5,6/27/2022,53,
Glennallen,Federal SUB,5,6/27/2022,79,
Glennallen,Federal SUB,5,6/27/2022,7,
Glennallen,Federal SUB,5,6/27/2022,49,
Glennallen,Federal SUB,5,6/27/2022,14,
Glennallen,Federal SUB,5,6/27/2022,19,
Glennallen,Federal SUB,5,6/27/2022,4,
Glennallen,Federal SUB,5,6/27/2022,21,
Glennallen,Federal SUB,5,6/27/2022,1,
Glennallen,Federal SUB,5,6/27/2022,12,
Glennallen,Federal SUB,5,6/27/2022,23,
Glennallen,Federal SUB,5,6/27/2022,14,
Glennallen,Federal SUB,5,6/27/2022,15,
Glennallen,Federal SUB,5,6/27/2022,18,
Glennallen,Federal SUB,5,6/27/2022,82,
Glennallen,Federal SUB,5,6/27/2022,62,
Glennallen,Federal SUB,5,6/27/2022,16,
Glennallen,Federal SUB,5,6/27/2022,8,
Glennallen,State SUB,5,6/28/2022,19,1
Glennallen,State SUB,5,6/28/2022,60,2
Glennallen,State SUB,5,6/28/2022,5,0
Glennallen,State SUB,5,6/28/2022,0,2
Glennallen,State SUB,5,6/28/2022,25,0
Glennallen,State SUB,5,6/28/2022,22,0
Glennallen,State SUB,5,6/28/2022,2,0
Glennallen,State SUB,5,6/28/2022,0,0
Glennallen,State SUB,5,6/28/2022,1,0
Glennallen,State SUB,5,6/28/2022,8,0
Glennallen,State SUB,5,6/28/2022,9,0
Glennallen,State SUB,5,6/28/2022,1,1
Glennallen,State SUB,5,6/28/2022,36,6
Glennallen,State SUB,5,6/28/2022,36,0
Glennallen,State SUB,5,6/28/2022,222,1
Glennallen,State SUB,5,6/28/2022,61,0
Glennallen,State SUB,5,6/28/2022,45,1
Glennallen,State SUB,5,6/28/2022,20,3
Glennallen,State SUB,5,6/28/2022,70,3
Glennallen,Federal SUB,5,6/28/2022,19,
Glennallen,Federal SUB,5,6/28/2022,30,
Glennallen,Federal SUB,5,6/28/2022,39,
Glennallen,Federal SUB,5,6/28/2022,44,
Glennallen,Federal SUB,5,6/28/2022,32,
Glennallen,Federal SUB,5,6/28/2022,32,
Glennallen,Federal SUB,5,6/28/2022,15,
Glennallen,Federal SUB,5,6/28/2022,2,
Glennallen,Federal SUB,5,6/28/2022,11,
Glennallen,Federal SUB,5,6/28/2022,12,
Glennallen,Federal SUB,5,6/28/2022,8,
Glennallen,Federal SUB,5,6/28/2022,22,
Glennallen,Federal SUB,5,6/28/2022,49,
Glennallen,Federal SUB,5,6/28/2022,11,
Glennallen,Federal SUB,5,6/28/2022,9,
Glennallen,Federal SUB,5,6/28/2022,8,
Glennallen,State SUB,5,6/29/2022,31,0
Glennallen,State SUB,5,6/29/2022,0,0
Glennallen,State SUB,5,6/29/2022,4,1
Glennallen,State SUB,5,6/29/2022,0,0
Glennallen,State SUB,5,6/29/2022,94,2
Glennallen,State SUB,5,6/29/2022,19,0
Glennallen,State SUB,5,6/29/2022,2,1
Glennallen,State SUB,5,6/29/2022,2,1
Glennallen,State SUB,5,6/29/2022,50,0
Glennallen,State SUB,5,6/29/2022,38,2
Glennallen,State SUB,5,6/29/2022,42,0
Glennallen,State SUB,5,6/29/2022,85,0
Glennallen,State SUB,5,6/29/2022,25,0
Glennallen,State SUB,5,6/29/2022,0,2
Glennallen,State SUB,5,6/29/2022,15,2
Glennallen,State SUB,5,6/29/2022,6,0
Glennallen,State SUB,5,6/29/2022,24,6
Glennallen,State SUB,5,6/29/2022,27,0
Glennallen,State SUB,5,6/29/2022,17,0
Glennallen,Federal SUB,5,6/29/2022,6,
Glennallen,Federal SUB,5,6/29/2022,8,
Glennallen,Federal SUB,5,6/29/2022,9,
Glennallen,Federal SUB,5,6/29/2022,25,
Glennallen,Federal SUB,5,6/29/2022,18,
Glennallen,Federal SUB,5,6/29/2022,2,
Glennallen,Federal SUB,5,6/29/2022,3,
Glennallen,Federal SUB,5,6/29/2022,20,
Glennallen,Federal SUB,5,6/29/2022,9,
Glennallen,Federal SUB,5,6/29/2022,10,
Glennallen,Federal SUB,5,6/29/2022,10,
Glennallen,Federal SUB,5,6/29/2022,9,
Glennallen,Federal SUB,5,6/29/2022,9,
Glennallen,Federal SUB,5,6/29/2022,6,
Glennallen,State SUB,5,6/30/2022,0,0
Glennallen,State SUB,5,6/30/2022,25,0
Glennallen,State SUB,5,6/30/2022,38,2
Glennallen,State SUB,5,6/30/2022,72,3
Glennallen,State SUB,5,6/30/2022,7,2
Glennallen,State SUB,5,6/30/2022,6,1
Glennallen,State SUB,5,6/30/2022,3,0
Glennallen,State SUB,5,6/30/2022,20,1
Glennallen,State SUB,5,6/30/2022,4,0
Glennallen,State SUB,5,6/30/2022,28,0
Glennallen,State SUB,5,6/30/2022,14,0
Glennallen,State SUB,5,6/30/2022,2,0
Glennallen,State SUB,5,6/30/2022,0,0
Glennallen,State SUB,5,6/30/2022,30,0
Glennallen,State SUB,5,6/30/2022,5,0
Glennallen,State SUB,5,6/30/2022,5,0
Glennallen,State SUB,5,6/30/2022,61,4
Glennallen,State SUB,5,6/30/2022,5,2
Glennallen,State SUB,5,6/30/2022,43,7
Glennallen,State SUB,5,6/30/2022,32,1
Glennallen,State SUB,5,6/30/2022,97,12
Glennallen,State SUB,5,6/30/2022,0,0
Glennallen,State SUB,5,6/30/2022,40,1
Glennallen,State SUB,5,6/30/2022,19,1
Glennallen,State SUB,5,6/30/2022,0,1
Glennallen,State SUB,5,6/30/2022,30,0
Glennallen,State SUB,5,6/30/2022,2,0
Glennallen,State SUB,5,6/30/2022,30,2
Glennallen,State SUB,5,6/30/2022,1,0
Glennallen,State SUB,5,6/30/2022,20,3
Glennallen,Federal SUB,5,6/30/2022,3,
Glennallen,Federal SUB,5,6/30/2022,12,
Glennallen,Federal SUB,5,6/30/2022,71,
Glennallen,Federal SUB,5,6/30/2022,3,
Glennallen,Federal SUB,5,6/30/2022,25,
Glennallen,Federal SUB,5,6/30/2022,2,
Glennallen,Federal SUB,5,6/30/2022,15,
Glennallen,Federal SUB,5,6/30/2022,3,
Glennallen,Federal SUB,5,6/30/2022,33,
Glennallen,State SUB,5,7/1/2022,17,3
Glennallen,State SUB,5,7/1/2022,5,1
Glennallen,State SUB,5,7/1/2022,20,0
Glennallen,State SUB,5,7/1/2022,5,0
Glennallen,State SUB,5,7/1/2022,5,0
Glennallen,State SUB,5,7/1/2022,13,2
Glennallen,State SUB,5,7/1/2022,1,0
Glennallen,State SUB,5,7/1/2022,12,0
Glennallen,State SUB,5,7/1/2022,28,0
Glennallen,State SUB,5,7/1/2022,28,0
Glennallen,State SUB,5,7/1/2022,0,0
Glennallen,State SUB,5,7/1/2022,17,0
Glennallen,State SUB,5,7/1/2022,0,0
Glennallen,State SUB,5,7/1/2022,15,2
Glennallen,State SUB,5,7/1/2022,5,1
Glennallen,State SUB,5,7/1/2022,0,0
Glennallen,State SUB,5,7/1/2022,0,0
Glennallen,State SUB,5,7/1/2022,0,0
Glennallen,State SUB,5,7/1/2022,1,0
Glennallen,State SUB,5,7/1/2022,43,16
Glennallen,State SUB,5,7/1/2022,15,2
Glennallen,State SUB,5,7/1/2022,30,1
Glennallen,State SUB,5,7/1/2022,23,2
Glennallen,State SUB,5,7/1/2022,39,1
Glennallen,State SUB,5,7/1/2022,20,1
Glennallen,State SUB,5,7/1/2022,60,1
Glennallen,State SUB,5,7/1/2022,23,27
Glennallen,State SUB,5,7/1/2022,20,5
Glennallen,State SUB,5,7/1/2022,1,0
Glennallen,State SUB,5,7/1/2022,20,1
Glennallen,State SUB,5,7/1/2022,0,0
Glennallen,State SUB,5,7/1/2022,12,12
Glennallen,State SUB,5,7/1/2022,0,0
Glennallen,Federal SUB,5,7/1/2022,50,
Glennallen,Federal SUB,5,7/1/2022,45,
Glennallen,Federal SUB,5,7/1/2022,11,
Glennallen,Federal SUB,5,7/1/2022,22,
Glennallen,Federal SUB,5,7/1/2022,7,
Glennallen,Federal SUB,5,7/1/2022,6,
Glennallen,Federal SUB,5,7/1/2022,21,
Glennallen,Federal SUB,5,7/1/2022,10,
Glennallen,Federal SUB,5,7/1/2022,9,
Glennallen,Federal SUB,5,7/1/2022,3,
Glennallen,Federal SUB,5,7/1/2022,17,
Glennallen,Federal SUB,5,7/1/2022,9,
Glennallen,Federal SUB,5,7/1/2022,5,
Glennallen,Federal SUB,5,7/1/2022,20,
Glennallen,State SUB,5,7/2/2022,0,0
Glennallen,State SUB,5,7/2/2022,56,2
Glennallen,State SUB,5,7/2/2022,0,1
Glennallen,State SUB,5,7/2/2022,11,1
Glennallen,State SUB,5,7/2/2022,4,0
Glennallen,State SUB,5,7/2/2022,12,0
Glennallen,State SUB,5,7/2/2022,0,0
Glennallen,State SUB,5,7/2/2022,4,0
Glennallen,State SUB,5,7/2/2022,4,1
Glennallen,State SUB,5,7/2/2022,2,0
Glennallen,State SUB,5,7/2/2022,2,0
Glennallen,State SUB,5,7/2/2022,1,0
Glennallen,State SUB,5,7/2/2022,10,3
Glennallen,State SUB,5,7/2/2022,50,0
Glennallen,State SUB,5,7/2/2022,26,0
Glennallen,State SUB,5,7/2/2022,36,1
Glennallen,State SUB,5,7/2/2022,10,2
Glennallen,State SUB,5,7/2/2022,8,0
Glennallen,State SUB,5,7/2/2022,24,0
Glennallen,State SUB,5,7/2/2022,1,0
Glennallen,State SUB,5,7/2/2022,82,17
Glennallen,State SUB,5,7/2/2022,20,0
Glennallen,State SUB,5,7/2/2022,14,0
Glennallen,State SUB,5,7/2/2022,6,1
Glennallen,State SUB,5,7/2/2022,16,0
Glennallen,State SUB,5,7/2/2022,7,0
Glennallen,State SUB,5,7/2/2022,2,2
Glennallen,State SUB,5,7/2/2022,5,1
Glennallen,State SUB,5,7/2/2022,106,5
Glennallen,State SUB,5,7/2/2022,35,3
Glennallen,State SUB,5,7/2/2022,18,0
Glennallen,State SUB,5,7/2/2022,40,0
Glennallen,State SUB,5,7/2/2022,0,1
Glennallen,State SUB,5,7/2/2022,35,1
Glennallen,State SUB,5,7/2/2022,4,0
Glennallen,State SUB,5,7/2/2022,20,0
Glennallen,State SUB,5,7/2/2022,19,10
Glennallen,State SUB,5,7/2/2022,25,5
Glennallen,State SUB,5,7/2/2022,22,0
Glennallen,State SUB,5,7/2/2022,4,0
Glennallen,State SUB,5,7/2/2022,17,3
Glennallen,State SUB,5,7/2/2022,0,0
Glennallen,State SUB,5,7/2/2022,0,0
Glennallen,Federal SUB,5,7/2/2022,50,
Glennallen,Federal SUB,5,7/2/2022,30,
Glennallen,Federal SUB,5,7/2/2022,18,
Glennallen,Federal SUB,5,7/2/2022,8,
Glennallen,Federal SUB,5,7/2/2022,8,
Glennallen,Federal SUB,5,7/2/2022,20,
Glennallen,Federal SUB,5,7/2/2022,6,
Glennallen,Federal SUB,5,7/2/2022,4,
Glennallen,Federal SUB,5,7/2/2022,5,
Glennallen,Federal SUB,5,7/2/2022,2,
Glennallen,Federal SUB,5,7/2/2022,10,
Glennallen,Federal SUB,5,7/2/2022,54,
Glennallen,State SUB,5,7/3/2022,0,0
Glennallen,State SUB,5,7/3/2022,72,1
Glennallen,State SUB,5,7/3/2022,15,0
Glennallen,State SUB,5,7/3/2022,13,0
Glennallen,State SUB,5,7/3/2022,30,1
Glennallen,State SUB,5,7/3/2022,10,1
Glennallen,State SUB,5,7/3/2022,4,0
Glennallen,State SUB,5,7/3/2022,9,0
Glennallen,State SUB,5,7/3/2022,10,1
Glennallen,State SUB,5,7/3/2022,22,0
Glennallen,State SUB,5,7/3/2022,6,5
Glennallen,State SUB,5,7/3/2022,21,2
Glennallen,State SUB,5,7/3/2022,12,0
Glennallen,State SUB,5,7/3/2022,1,0
Glennallen,State SUB,5,7/3/2022,36,5
Glennallen,State SUB,5,7/3/2022,32,1
Glennallen,State SUB,5,7/3/2022,12,3
Glennallen,State SUB,5,7/3/2022,94,5
Glennallen,State SUB,5,7/3/2022,9,0
Glennallen,State SUB,5,7/3/2022,31,1
Glennallen,State SUB,5,7/3/2022,5,0
Glennallen,State SUB,5,7/3/2022,25,5
Glennallen,State SUB,5,7/3/2022,11,0
Glennallen,State SUB,5,7/3/2022,1,0
Glennallen,Federal SUB,5,7/3/2022,50,
Glennallen,Federal SUB,5,7/3/2022,4,
Glennallen,Federal SUB,5,7/3/2022,15,
Glennallen,Federal SUB,5,7/3/2022,30,
Glennallen,Federal SUB,5,7/3/2022,8,
Glennallen,Federal SUB,5,7/3/2022,6,
Glennallen,Federal SUB,5,7/3/2022,6,
Glennallen,Federal SUB,5,7/3/2022,15,
Glennallen,Federal SUB,5,7/3/2022,2,
Glennallen,Federal SUB,5,7/3/2022,28,
Glennallen,Federal SUB,5,7/3/2022,12,
Glennallen,Federal SUB,5,7/3/2022,22,
Glennallen,Federal SUB,5,7/3/2022,6,
Glennallen,Federal SUB,5,7/3/2022,41,
Glennallen,State SUB,6,7/4/2022,26,3
Glennallen,State SUB,6,7/4/2022,96,5
Glennallen,State SUB,6,7/4/2022,120,20
Glennallen,State SUB,6,7/4/2022,11,0
Glennallen,State SUB,6,7/4/2022,16,0
Glennallen,State SUB,6,7/4/2022,0,0
Glennallen,State SUB,6,7/4/2022,0,0
Glennallen,State SUB,6,7/4/2022,6,0
Glennallen,State SUB,6,7/4/2022,10,0
Glennallen,State SUB,6,7/4/2022,4,0
Glennallen,State SUB,6,7/4/2022,24,0
Glennallen,State SUB,6,7/4/2022,8,2
Glennallen,State SUB,6,7/4/2022,6,0
Glennallen,State SUB,6,7/4/2022,6,0
Glennallen,State SUB,6,7/4/2022,0,2
Glennallen,State SUB,6,7/4/2022,37,4
Glennallen,State SUB,6,7/4/2022,0,1
Glennallen,State SUB,6,7/4/2022,28,2
Glennallen,State SUB,6,7/4/2022,22,1
Glennallen,State SUB,6,7/4/2022,8,1
Glennallen,State SUB,6,7/4/2022,60,0
Glennallen,State SUB,6,7/4/2022,26,0
Glennallen,State SUB,6,7/4/2022,0,0
Glennallen,State SUB,6,7/4/2022,35,0
Glennallen,State SUB,6,7/4/2022,55,2
Glennallen,Federal SUB,6,7/4/2022,5,
Glennallen,Federal SUB,6,7/4/2022,24,
Glennallen,Federal SUB,6,7/4/2022,4,
Glennallen,Federal SUB,6,7/4/2022,5,
Glennallen,Federal SUB,6,7/4/2022,13,
Glennallen,Federal SUB,6,7/4/2022,11,
Glennallen,Federal SUB,6,7/4/2022,1,
Glennallen,Federal SUB,6,7/4/2022,8,
Glennallen,Federal SUB,6,7/4/2022,14,
Glennallen,State SUB,6,7/5/2022,21,0
Glennallen,State SUB,6,7/5/2022,58,0
Glennallen,State SUB,6,7/5/2022,12,0
Glennallen,State SUB,6,7/5/2022,12,0
Glennallen,State SUB,6,7/5/2022,0,0
Glennallen,State SUB,6,7/5/2022,13,0
Glennallen,State SUB,6,7/5/2022,41,0
Glennallen,State SUB,6,7/5/2022,6,0
Glennallen,State SUB,6,7/5/2022,40,0
Glennallen,State SUB,6,7/5/2022,6,1
Glennallen,State SUB,6,7/5/2022,67,25
Glennallen,State SUB,6,7/5/2022,0,0
Glennallen,State SUB,6,7/5/2022,25,6
Glennallen,State SUB,6,7/5/2022,26,1
Glennallen,State SUB,6,7/5/2022,2,1
Glennallen,State SUB,6,7/5/2022,16,1
Glennallen,State SUB,6,7/5/2022,12,0
Glennallen,State SUB,6,7/5/2022,0,0
Glennallen,State SUB,6,7/5/2022,5,0
Glennallen,Federal SUB,6,7/5/2022,21,
Glennallen,Federal SUB,6,7/5/2022,32,
Glennallen,Federal SUB,6,7/5/2022,8,
Glennallen,Federal SUB,6,7/5/2022,11,
Glennallen,Federal SUB,6,7/5/2022,4,
Glennallen,Federal SUB,6,7/5/2022,1,
Glennallen,Federal SUB,6,7/5/2022,4,
Glennallen,Federal SUB,6,7/5/2022,47,
Glennallen,State SUB,6,7/6/2022,0,0
Glennallen,State SUB,6,7/6/2022,22,1
Glennallen,State SUB,6,7/6/2022,1,0
Glennallen,State SUB,6,7/6/2022,30,5
Glennallen,State SUB,6,7/6/2022,1,1
Glennallen,State SUB,6,7/6/2022,75,0
Glennallen,State SUB,6,7/6/2022,10,0
Glennallen,State SUB,6,7/6/2022,8,0
Glennallen,State SUB,6,7/6/2022,3,1
Glennallen,State SUB,6,7/6/2022,14,0
Glennallen,State SUB,6,7/6/2022,165,1
Glennallen,State SUB,6,7/6/2022,1,0
Glennallen,State SUB,6,7/6/2022,7,2
Glennallen,State SUB,6,7/6/2022,10,0
Glennallen,State SUB,6,7/6/2022,7,0
Glennallen,State SUB,6,7/6/2022,3,0
Glennallen,State SUB,6,7/6/2022,18,2
Glennallen,State SUB,6,7/6/2022,7,0
Glennallen,State SUB,6,7/6/2022,21,1
Glennallen,State SUB,6,7/6/2022,8,3
Glennallen,State SUB,6,7/6/2022,24,0
Glennallen,State SUB,6,7/6/2022,3,2
Glennallen,State SUB,6,7/6/2022,15,0
Glennallen,State SUB,6,7/6/2022,7,0
Glennallen,State SUB,6,7/6/2022,250,3
Glennallen,State SUB,6,7/6/2022,100,2
Glennallen,State SUB,6,7/6/2022,5,0
Glennallen,State SUB,6,7/6/2022,0,0
Glennallen,Federal SUB,6,7/6/2022,8,
Glennallen,Federal SUB,6,7/6/2022,16,
Glennallen,Federal SUB,6,7/6/2022,15,
Glennallen,Federal SUB,6,7/6/2022,24,
Glennallen,Federal SUB,6,7/6/2022,1,
Glennallen,Federal SUB,6,7/6/2022,2,
Glennallen,State SUB,6,7/7/2022,4,1
Glennallen,State SUB,6,7/7/2022,19,3
Glennallen,State SUB,6,7/7/2022,19,0
Glennallen,State SUB,6,7/7/2022,1,0
Glennallen,State SUB,6,7/7/2022,9,4
Glennallen,State SUB,6,7/7/2022,2,0
Glennallen,State SUB,6,7/7/2022,3,0
Glennallen,State SUB,6,7/7/2022,100,0
Glennallen,State SUB,6,7/7/2022,40,3
Glennallen,State SUB,6,7/7/2022,3,0
Glennallen,State SUB,6,7/7/2022,7,0
Glennallen,State SUB,6,7/7/2022,7,7
Glennallen,State SUB,6,7/7/2022,0,0
Glennallen,State SUB,6,7/7/2022,10,0
Glennallen,State SUB,6,7/7/2022,3,0
Glennallen,State SUB,6,7/7/2022,10,2
Glennallen,State SUB,6,7/7/2022,6,8
Glennallen,State SUB,6,7/7/2022,2,0
Glennallen,State SUB,6,7/7/2022,6,1
Glennallen,State SUB,6,7/7/2022,6,0
Glennallen,State SUB,6,7/7/2022,7,1
Glennallen,State SUB,6,7/7/2022,7,1
Glennallen,State SUB,6,7/7/2022,0,0
Glennallen,State SUB,6,7/7/2022,11,0
Glennallen,State SUB,6,7/7/2022,7,0
Glennallen,State SUB,6,7/7/2022,0,0
Glennallen,State SUB,6,7/7/2022,50,0
Glennallen,State SUB,6,7/7/2022,4,0
Glennallen,State SUB,6,7/7/2022,0,0
Glennallen,State SUB,6,7/7/2022,16,0
Glennallen,State SUB,6,7/7/2022,0,0
Glennallen,State SUB,6,7/7/2022,3,0
Glennallen,Federal SUB,6,7/7/2022,1,
Glennallen,Federal SUB,6,7/7/2022,14,
Glennallen,Federal SUB,6,7/7/2022,5,
Glennallen,Federal SUB,6,7/7/2022,3,
Glennallen,State SUB,6,7/8/2022,4,0
Glennallen,State SUB,6,7/8/2022,17,1
Glennallen,State SUB,6,7/8/2022,25,0
Glennallen,State SUB,6,7/8/2022,5,0
Glennallen,State SUB,6,7/8/2022,30,0
Glennallen,State SUB,6,7/8/2022,25,1
Glennallen,State SUB,6,7/8/2022,60,2
Glennallen,State SUB,6,7/8/2022,2,1
Glennallen,State SUB,6,7/8/2022,5,2
Glennallen,State SUB,6,7/8/2022,7,4
Glennallen,State SUB,6,7/8/2022,16,0
Glennallen,State SUB,6,7/8/2022,9,0
Glennallen,State SUB,6,7/8/2022,6,4
Glennallen,State SUB,6,7/8/2022,12,0
Glennallen,State SUB,6,7/8/2022,51,1
Glennallen,State SUB,6,7/8/2022,8,0
Glennallen,State SUB,6,7/8/2022,14,1
Glennallen,State SUB,6,7/8/2022,4,0
Glennallen,State SUB,6,7/8/2022,0,0
Glennallen,State SUB,6,7/8/2022,6,0
Glennallen,State SUB,6,7/8/2022,0,0
Glennallen,Federal SUB,6,7/8/2022,3,
Glennallen,Federal SUB,6,7/8/2022,1,
Glennallen,Federal SUB,6,7/8/2022,84,
Glennallen,Federal SUB,6,7/8/2022,5,
Glennallen,Federal SUB,6,7/8/2022,14,
Glennallen,Federal SUB,6,7/8/2022,3,
Glennallen,Federal SUB,6,7/8/2022,10,
Glennallen,State SUB,6,7/9/2022,1,0
Glennallen,State SUB,6,7/9/2022,19,0
Glennallen,State SUB,6,7/9/2022,32,0
Glennallen,State SUB,6,7/9/2022,21,1
Glennallen,State SUB,6,7/9/2022,20,1
Glennallen,State SUB,6,7/9/2022,14,2
Glennallen,State SUB,6,7/9/2022,4,0
Glennallen,State SUB,6,7/9/2022,3,0
Glennallen,State SUB,6,7/9/2022,0,1
Glennallen,State SUB,6,7/9/2022,3,1
Glennallen,State SUB,6,7/9/2022,25,3
Glennallen,State SUB,6,7/9/2022,4,0
Glennallen,State SUB,6,7/9/2022,23,2
Glennallen,State SUB,6,7/9/2022,9,0
Glennallen,State SUB,6,7/9/2022,7,0
Glennallen,State SUB,6,7/9/2022,0,0
Glennallen,State SUB,6,7/9/2022,5,0
Glennallen,Federal SUB,6,7/9/2022,4,
Glennallen,Federal SUB,6,7/9/2022,3,
Glennallen,Federal SUB,6,7/9/2022,3,
Glennallen,Federal SUB,6,7/9/2022,2,
Glennallen,Federal SUB,6,7/9/2022,10,
Glennallen,Federal SUB,6,7/9/2022,1,
Glennallen,Federal SUB,6,7/9/2022,9,
Glennallen,Federal SUB,6,7/9/2022,10,
Glennallen,State SUB,6,7/10/2022,1,4
Glennallen,State SUB,6,7/10/2022,15,1
Glennallen,State SUB,6,7/10/2022,60,0
Glennallen,State SUB,6,7/10/2022,12,0
Glennallen,State SUB,6,7/10/2022,0,1
Glennallen,State SUB,6,7/10/2022,6,1
Glennallen,State SUB,6,7/10/2022,10,0
Glennallen,State SUB,6,7/10/2022,35,0
Glennallen,Federal SUB,6,7/10/2022,12,
Glennallen,Federal SUB,6,7/10/2022,40,
Glennallen,Federal SUB,6,7/10/2022,3,
Glennallen,Federal SUB,6,7/10/2022,11,
Glennallen,Federal SUB,6,7/10/2022,1,
Glennallen,Federal SUB,6,7/10/2022,9,
Glennallen,Federal SUB,6,7/10/2022,3,
Glennallen,Federal SUB,6,7/10/2022,2,
Glennallen,Federal SUB,6,7/10/2022,4,
Glennallen,State SUB,7,7/11/2022,7,1
Glennallen,State SUB,7,7/11/2022,6,0
Glennallen,State SUB,7,7/11/2022,3,0
Glennallen,State SUB,7,7/11/2022,20,0
Glennallen,State SUB,7,7/11/2022,0,0
Glennallen,State SUB,7,7/11/2022,0,0
Glennallen,State SUB,7,7/11/2022,48,0
Glennallen,State SUB,7,7/11/2022,33,39
Glennallen,State SUB,7,7/11/2022,24,0
Glennallen,State SUB,7,7/11/2022,3,0
Glennallen,State SUB,7,7/11/2022,22,0
Glennallen,State SUB,7,7/11/2022,8,1
Glennallen,State SUB,7,7/11/2022,0,2
Glennallen,State SUB,7,7/11/2022,21,0
Glennallen,Federal SUB,7,7/11/2022,5,
Glennallen,Federal SUB,7,7/11/2022,10,
Glennallen,Federal SUB,7,7/11/2022,20,
Glennallen,Federal SUB,7,7/11/2022,7,
Glennallen,Federal SUB,7,7/11/2022,10,
Glennallen,Federal SUB,7,7/11/2022,2,
Glennallen,Federal SUB,7,7/11/2022,5,
Glennallen,Federal SUB,7,7/11/2022,49,
Glennallen,Federal SUB,7,7/11/2022,13,
Glennallen,Federal SUB,7,7/11/2022,2,
Glennallen,State SUB,7,7/12/2022,34,0
Glennallen,State SUB,7,7/12/2022,14,0
Glennallen,State SUB,7,7/12/2022,5,0
Glennallen,State SUB,7,7/12/2022,9,0
Glennallen,State SUB,7,7/12/2022,10,1
Glennallen,State SUB,7,7/12/2022,4,0
Glennallen,State SUB,7,7/12/2022,4,0
Glennallen,State SUB,7,7/12/2022,19,1
Glennallen,State SUB,7,7/12/2022,10,2
Glennallen,State SUB,7,7/12/2022,100,1
Glennallen,State SUB,7,7/12/2022,13,2
Glennallen,State SUB,7,7/12/2022,14,3
Glennallen,State SUB,7,7/12/2022,3,0
Glennallen,State SUB,7,7/12/2022,41,0
Glennallen,State SUB,7,7/12/2022,122,0
Glennallen,State SUB,7,7/12/2022,0,3
Glennallen,State SUB,7,7/12/2022,0,0
Glennallen,Federal SUB,7,7/12/2022,3,
Glennallen,Federal SUB,7,7/12/2022,7,
Glennallen,Federal SUB,7,7/12/2022,4,
Glennallen,Federal SUB,7,7/12/2022,11,
Glennallen,Federal SUB,7,7/12/2022,5,
Glennallen,Federal SUB,7,7/12/2022,3,
Glennallen,Federal SUB,7,7/12/2022,50,
Glennallen,State SUB,7,7/13/2022,16,1
Glennallen,State SUB,7,7/13/2022,2,0
Glennallen,State SUB,7,7/13/2022,19,1
Glennallen,State SUB,7,7/13/2022,19,1
Glennallen,State SUB,7,7/13/2022,4,0
Glennallen,State SUB,7,7/13/2022,1,1
Glennallen,State SUB,7,7/13/2022,0,1
Glennallen,State SUB,7,7/13/2022,10,5
Glennallen,State SUB,7,7/13/2022,47,0
Glennallen,State SUB,7,7/13/2022,20,0
Glennallen,State SUB,7,7/13/2022,13,6
Glennallen,State SUB,7,7/13/2022,125,0
Glennallen,State SUB,7,7/13/2022,83,1
Glennallen,State SUB,7,7/13/2022,11,5
Glennallen,State SUB,7,7/13/2022,7,0
Glennallen,State SUB,7,7/13/2022,120,0
Glennallen,Federal SUB,7,7/13/2022,3,
Glennallen,Federal SUB,7,7/13/2022,35,
Glennallen,Federal SUB,7,7/13/2022,13,
Glennallen,Federal SUB,7,7/13/2022,4,
Glennallen,Federal SUB,7,7/13/2022,12,
Glennallen,Federal SUB,7,7/13/2022,9,
Glennallen,Federal SUB,7,7/13/2022,30,
Glennallen,Federal SUB,7,7/13/2022,5,
Glennallen,State SUB,7,7/14/2022,3,1
Glennallen,State SUB,7,7/14/2022,30,2
Glennallen,State SUB,7,7/14/2022,0,0
Glennallen,State SUB,7,7/14/2022,10,5
Glennallen,State SUB,7,7/14/2022,5,0
Glennallen,State SUB,7,7/14/2022,12,0
Glennallen,State SUB,7,7/14/2022,15,1
Glennallen,State SUB,7,7/14/2022,15,1
Glennallen,State SUB,7,7/14/2022,0,0
Glennallen,State SUB,7,7/14/2022,1,0
Glennallen,State SUB,7,7/14/2022,40,38
Glennallen,State SUB,7,7/14/2022,25,0
Glennallen,State SUB,7,7/14/2022,17,10
Glennallen,State SUB,7,7/14/2022,5,0
Glennallen,State SUB,7,7/14/2022,10,0
Glennallen,State SUB,7,7/14/2022,8,2
Glennallen,Federal SUB,7,7/14/2022,20,
Glennallen,Federal SUB,7,7/14/2022,8,
Glennallen,Federal SUB,7,7/14/2022,3,
Glennallen,Federal SUB,7,7/14/2022,40,
Glennallen,Federal SUB,7,7/14/2022,25,
Glennallen,Federal SUB,7,7/14/2022,6,
Glennallen,Federal SUB,7,7/14/2022,5,
Glennallen,Federal SUB,7,7/14/2022,8,
Glennallen,State SUB,7,7/15/2022,1,2
Glennallen,State SUB,7,7/15/2022,12,0
Glennallen,State SUB,7,7/15/2022,16,0
Glennallen,State SUB,7,7/15/2022,3,0
Glennallen,State SUB,7,7/15/2022,50,15
Glennallen,State SUB,7,7/15/2022,8,0
Glennallen,State SUB,7,7/15/2022,129,80
Glennallen,State SUB,7,7/15/2022,47,3
Glennallen,State SUB,7,7/15/2022,45,4
Glennallen,State SUB,7,7/15/2022,30,0
Glennallen,State SUB,7,7/15/2022,0,1
Glennallen,State SUB,7,7/15/2022,6,0
Glennallen,State SUB,7,7/15/2022,40,5
Glennallen,State SUB,7,7/15/2022,30,1
Glennallen,State SUB,7,7/15/2022,53,1
Glennallen,State SUB,7,7/15/2022,36,0
Glennallen,State SUB,7,7/15/2022,33,0
Glennallen,State SUB,7,7/15/2022,11,7
Glennallen,State SUB,7,7/15/2022,49,0
Glennallen,State SUB,7,7/15/2022,25,0
Glennallen,State SUB,7,7/15/2022,9,2
Glennallen,State SUB,7,7/15/2022,1,0
Glennallen,Federal SUB,7,7/15/2022,11,
Glennallen,Federal SUB,7,7/15/2022,2,
Glennallen,Federal SUB,7,7/15/2022,8,
Glennallen,Federal SUB,7,7/15/2022,28,
Glennallen,Federal SUB,7,7/15/2022,8,
Glennallen,Federal SUB,7,7/15/2022,60,
Glennallen,Federal SUB,7,7/15/2022,9,
Glennallen,Federal SUB,7,7/15/2022,11,
Glennallen,Federal SUB,7,7/15/2022,15,
Glennallen,Federal SUB,7,7/15/2022,75,
Glennallen,State SUB,7,7/16/2022,12,1
Glennallen,State SUB,7,7/16/2022,12,0
Glennallen,State SUB,7,7/16/2022,11,1
Glennallen,State SUB,7,7/16/2022,0,0
Glennallen,State SUB,7,7/16/2022,34,12
Glennallen,State SUB,7,7/16/2022,4,0
Glennallen,State SUB,7,7/16/2022,1,0
Glennallen,State SUB,7,7/16/2022,20,0
Glennallen,State SUB,7,7/16/2022,35,1
Glennallen,State SUB,7,7/16/2022,16,0
Glennallen,State SUB,7,7/16/2022,0,0
Glennallen,State SUB,7,7/16/2022,15,0
Glennallen,State SUB,7,7/16/2022,20,1
Glennallen,State SUB,7,7/16/2022,26,0
Glennallen,State SUB,7,7/16/2022,5,0
Glennallen,State SUB,7,7/16/2022,0,0
Glennallen,State SUB,7,7/16/2022,103,3
Glennallen,State SUB,7,7/16/2022,53,2
Glennallen,State SUB,7,7/16/2022,3,0
Glennallen,State SUB,7,7/16/2022,34,0
Glennallen,State SUB,7,7/16/2022,75,0
Glennallen,State SUB,7,7/16/2022,1,0
Glennallen,State SUB,7,7/16/2022,15,1
Glennallen,State SUB,7,7/16/2022,4,1
Glennallen,Federal SUB,7,7/16/2022,20,
Glennallen,Federal SUB,7,7/16/2022,20,
Glennallen,Federal SUB,7,7/16/2022,22,
Glennallen,Federal SUB,7,7/16/2022,12,
Glennallen,Federal SUB,7,7/16/2022,5,
Glennallen,State SUB,7,7/17/2022,4,0
Glennallen,State SUB,7,7/17/2022,2,0
Glennallen,State SUB,7,7/17/2022,1,1
Glennallen,State SUB,7,7/17/2022,54,0
Glennallen,State SUB,7,7/17/2022,95,0
Glennallen,State SUB,7,7/17/2022,6,1
Glennallen,State SUB,7,7/17/2022,22,0
Glennallen,State SUB,7,7/17/2022,30,0
Glennallen,State SUB,7,7/17/2022,0,0
Glennallen,State SUB,7,7/17/2022,18,0
Glennallen,State SUB,7,7/17/2022,0,0
Glennallen,State SUB,7,7/17/2022,17,0
Glennallen,State SUB,7,7/17/2022,0,0
Glennallen,Federal SUB,7,7/17/2022,50,
Glennallen,Federal SUB,7,7/17/2022,5,
Glennallen,Federal SUB,7,7/17/2022,2,
Glennallen,Federal SUB,7,7/17/2022,4,
Glennallen,Federal SUB,7,7/17/2022,7,
Glennallen,Federal SUB,7,7/17/2022,2,
Glennallen,State SUB,8,7/18/2022,6,1
Glennallen,State SUB,8,7/18/2022,80,2
Glennallen,State SUB,8,7/18/2022,45,2
Glennallen,State SUB,8,7/18/2022,70,0
Glennallen,State SUB,8,7/18/2022,60,2
Glennallen,State SUB,8,7/18/2022,35,2
Glennallen,State SUB,8,7/18/2022,0,0
Glennallen,State SUB,8,7/18/2022,3,3
Glennallen,State SUB,8,7/18/2022,41,1
Glennallen,Federal SUB,8,7/18/2022,19,
Glennallen,Federal SUB,8,7/18/2022,7,
Glennallen,Federal SUB,8,7/18/2022,67,
Glennallen,Federal SUB,8,7/18/2022,6,
Glennallen,Federal SUB,8,7/18/2022,6,
Glennallen,Federal SUB,8,7/18/2022,4,
Glennallen,State SUB,8,7/19/2022,3,1
Glennallen,State SUB,8,7/19/2022,71,1
Glennallen,State SUB,8,7/19/2022,21,3
Glennallen,State SUB,8,7/19/2022,21,0
Glennallen,State SUB,8,7/19/2022,2,0
Glennallen,State SUB,8,7/19/2022,80,0
Glennallen,State SUB,8,7/19/2022,72,0
Glennallen,State SUB,8,7/19/2022,2,3
Glennallen,Federal SUB,8,7/19/2022,6,
Glennallen,Federal SUB,8,7/19/2022,17,
Glennallen,Federal SUB,8,7/19/2022,16,
Glennallen,Federal SUB,8,7/19/2022,1,
Glennallen,Federal SUB,8,7/19/2022,4,
Glennallen,Federal SUB,8,7/19/2022,4,
Glennallen,Federal SUB,8,7/19/2022,4,
Glennallen,Federal SUB,8,7/19/2022,2,
Glennallen,State SUB,8,7/20/2022,24,0
Glennallen,State SUB,8,7/20/2022,0,0
Glennallen,State SUB,8,7/20/2022,17,0
Glennallen,State SUB,8,7/20/2022,31,0
Glennallen,State SUB,8,7/20/2022,7,0
Glennallen,State SUB,8,7/20/2022,12,0
Glennallen,State SUB,8,7/20/2022,101,1
Glennallen,State SUB,8,7/20/2022,0,0
Glennallen,Federal SUB,8,7/20/2022,5,
Glennallen,Federal SUB,8,7/20/2022,22,
Glennallen,Federal SUB,8,7/20/2022,13,
Glennallen,Federal SUB,8,7/20/2022,5,
Glennallen,Federal SUB,8,7/20/2022,8,
Glennallen,Federal SUB,8,7/20/2022,8,
Glennallen,Federal SUB,8,7/20/2022,7,
Glennallen,Federal SUB,8,7/20/2022,3,
Glennallen,Federal SUB,8,7/20/2022,4,
Glennallen,State SUB,8,7/21/2022,50,0
Glennallen,State SUB,8,7/21/2022,50,0
Glennallen,State SUB,8,7/21/2022,7,5
Glennallen,State SUB,8,7/21/2022,4,1
Glennallen,State SUB,8,7/21/2022,6,5
Glennallen,State SUB,8,7/21/2022,3,4
Glennallen,State SUB,8,7/21/2022,12,1
Glennallen,State SUB,8,7/21/2022,1,0
Glennallen,State SUB,8,7/21/2022,18,0
Glennallen,State SUB,8,7/21/2022,15,2
Glennallen,State SUB,8,7/21/2022,140,0
Glennallen,Federal SUB,8,7/21/2022,60,
Glennallen,Federal SUB,8,7/21/2022,12,
Glennallen,Federal SUB,8,7/21/2022,9,
Glennallen,Federal SUB,8,7/21/2022,6,
Glennallen,State SUB,8,7/22/2022,12,0
Glennallen,State SUB,8,7/22/2022,6,0
Glennallen,State SUB,8,7/22/2022,7,0
Glennallen,State SUB,8,7/22/2022,8,0
Glennallen,State SUB,8,7/22/2022,249,19
Glennallen,State SUB,8,7/22/2022,6,0
Glennallen,State SUB,8,7/22/2022,10,0
Glennallen,State SUB,8,7/22/2022,11,0
Glennallen,State SUB,8,7/22/2022,2,0
Glennallen,State SUB,8,7/22/2022,12,2
Glennallen,State SUB,8,7/22/2022,42,6
Glennallen,State SUB,8,7/22/2022,30,4
Glennallen,State SUB,8,7/22/2022,100,5
Glennallen,State SUB,8,7/22/2022,0,0
Glennallen,State SUB,8,7/22/2022,0,0
Glennallen,Federal SUB,8,7/22/2022,20,
Glennallen,Federal SUB,8,7/22/2022,31,
Glennallen,Federal SUB,8,7/22/2022,4,
Glennallen,Federal SUB,8,7/22/2022,9,
Glennallen,Federal SUB,8,7/22/2022,4,
Glennallen,Federal SUB,8,7/22/2022,24,
Glennallen,Federal SUB,8,7/22/2022,46,
Glennallen,Federal SUB,8,7/22/2022,54,
Glennallen,Federal SUB,8,7/22/2022,12,
Glennallen,State SUB,8,7/23/2022,14,0
Glennallen,State SUB,8,7/23/2022,0,0
Glennallen,State SUB,8,7/23/2022,198,9
Glennallen,State SUB,8,7/23/2022,4,0
Glennallen,State SUB,8,7/23/2022,6,0
Glennallen,State SUB,8,7/23/2022,12,0
Glennallen,State SUB,8,7/23/2022,12,1
Glennallen,State SUB,8,7/23/2022,29,1
Glennallen,State SUB,8,7/23/2022,14,0
Glennallen,State SUB,8,7/23/2022,2,0
Glennallen,State SUB,8,7/23/2022,4,0
Glennallen,State SUB,8,7/23/2022,0,0
Glennallen,State SUB,8,7/23/2022,14,0
Glennallen,State SUB,8,7/23/2022,22,3
Glennallen,State SUB,8,7/23/2022,7,0
Glennallen,State SUB,8,7/23/2022,1,0
Glennallen,Federal SUB,8,7/23/2022,7,
Glennallen,Federal SUB,8,7/23/2022,41,
Glennallen,Federal SUB,8,7/23/2022,74,
Glennallen,Federal SUB,8,7/23/2022,8,
Glennallen,Federal SUB,8,7/23/2022,1,
Glennallen,Federal SUB,8,7/23/2022,3,
Glennallen,Federal SUB,8,7/23/2022,20,
Glennallen,Federal SUB,8,7/23/2022,7,
Glennallen,Federal SUB,8,7/23/2022,12,
Glennallen,Federal SUB,8,7/23/2022,8,
Glennallen,State SUB,8,7/24/2022,11,1
Glennallen,State SUB,8,7/24/2022,0,0
Glennallen,State SUB,8,7/24/2022,3,0
Glennallen,State SUB,8,7/24/2022,0,0
Glennallen,State SUB,8,7/24/2022,19,0
Glennallen,State SUB,8,7/24/2022,60,0
Glennallen,State SUB,8,7/24/2022,2,0
Glennallen,State SUB,8,7/24/2022,2,0
Glennallen,State SUB,8,7/24/2022,40,0
Glennallen,State SUB,8,7/24/2022,0,0
Glennallen,State SUB,8,7/24/2022,17,0
Glennallen,State SUB,8,7/24/2022,109,0
Glennallen,State SUB,8,7/24/2022,45,0
Glennallen,State SUB,8,7/24/2022,5,0
Glennallen,State SUB,8,7/24/2022,9,0
Glennallen,Federal SUB,8,7/24/2022,32,
Glennallen,Federal SUB,8,7/24/2022,50,
Glennallen,Federal SUB,8,7/24/2022,26,
Glennallen,Federal SUB,8,7/24/2022,47,
Glennallen,Federal SUB,8,7/24/2022,4,
Glennallen,Federal SUB,8,7/24/2022,6,
Glennallen,Federal SUB,8,7/24/2022,11,
Glennallen,Federal SUB,8,7/24/2022,10,
Glennallen,Federal SUB,8,7/24/2022,12,
Glennallen,State SUB,9,7/25/2022,34,0
Glennallen,State SUB,9,7/25/2022,26,1
Glennallen,State SUB,9,7/25/2022,53,0
Glennallen,State SUB,9,7/25/2022,4,1
Glennallen,State SUB,9,7/25/2022,31,0
Glennallen,State SUB,9,7/25/2022,5,0
Glennallen,State SUB,9,7/25/2022,10,0
Glennallen,State SUB,9,7/25/2022,120,5
Glennallen,State SUB,9,7/25/2022,11,0
Glennallen,State SUB,9,7/25/2022,15,0
Glennallen,State SUB,9,7/25/2022,0,0
Glennallen,State SUB,9,7/25/2022,23,0
Glennallen,Federal SUB,9,7/25/2022,19,
Glennallen,Federal SUB,9,7/25/2022,38,
Glennallen,Federal SUB,9,7/25/2022,3,
Glennallen,Federal SUB,9,7/25/2022,27,
Glennallen,Federal SUB,9,7/25/2022,4,
Glennallen,Federal SUB,9,7/25/2022,38,
Glennallen,Federal SUB,9,7/25/2022,4,
Glennallen,Federal SUB,9,7/25/2022,6,
Glennallen,Federal SUB,9,7/25/2022,47,
Glennallen,State SUB,9,7/26/2022,57,0
Glennallen,State SUB,9,7/26/2022,25,0
Glennallen,State SUB,9,7/26/2022,16,0
Glennallen,State SUB,9,7/26/2022,99,56
Glennallen,State SUB,9,7/26/2022,8,0
Glennallen,State SUB,9,7/26/2022,48,0
Glennallen,State SUB,9,7/26/2022,10,1
Glennallen,State SUB,9,7/26/2022,75,2
Glennallen,State SUB,9,7/26/2022,41,0
Glennallen,State SUB,9,7/26/2022,24,0
Glennallen,State SUB,9,7/26/2022,6,0
Glennallen,State SUB,9,7/26/2022,42,0
Glennallen,State SUB,9,7/26/2022,40,1
Glennallen,State SUB,9,7/26/2022,12,0
Glennallen,State SUB,9,7/26/2022,24,0
Glennallen,State SUB,9,7/26/2022,0,0
Glennallen,Federal SUB,9,7/26/2022,43,
Glennallen,Federal SUB,9,7/26/2022,13,
Glennallen,Federal SUB,9,7/26/2022,104,
Glennallen,Federal SUB,9,7/26/2022,12,
Glennallen,Federal SUB,9,7/26/2022,29,
Glennallen,Federal SUB,9,7/26/2022,3,
Glennallen,Federal SUB,9,7/26/2022,42,
Glennallen,Federal SUB,9,7/26/2022,6,
Glennallen,Federal SUB,9,7/26/2022,10,
Glennallen,State SUB,9,7/27/2022,21,0
Glennallen,State SUB,9,7/27/2022,42,3
Glennallen,State SUB,9,7/27/2022,74,0
Glennallen,State SUB,9,7/27/2022,0,0
Glennallen,State SUB,9,7/27/2022,97,0
Glennallen,State SUB,9,7/27/2022,25,1
Glennallen,State SUB,9,7/27/2022,100,2
Glennallen,State SUB,9,7/27/2022,9,0
Glennallen,State SUB,9,7/27/2022,20,2
Glennallen,State SUB,9,7/27/2022,60,0
Glennallen,State SUB,9,7/27/2022,90,0
Glennallen,State SUB,9,7/27/2022,2,0
Glennallen,State SUB,9,7/27/2022,8,0
Glennallen,Federal SUB,9,7/27/2022,128,
Glennallen,Federal SUB,9,7/27/2022,13,
Glennallen,Federal SUB,9,7/27/2022,85,
Glennallen,Federal SUB,9,7/27/2022,17,
Glennallen,Federal SUB,9,7/27/2022,29,
Glennallen,Federal SUB,9,7/27/2022,16,
Glennallen,Federal SUB,9,7/27/2022,3,
Glennallen,Federal SUB,9,7/27/2022,17,
Glennallen,Federal SUB,9,7/27/2022,54,
Glennallen,State SUB,9,7/28/2022,105,0
Glennallen,State SUB,9,7/28/2022,9,0
Glennallen,State SUB,9,7/28/2022,25,0
Glennallen,State SUB,9,7/28/2022,12,0
Glennallen,State SUB,9,7/28/2022,14,0
Glennallen,State SUB,9,7/28/2022,30,0
Glennallen,State SUB,9,7/28/2022,6,0
Glennallen,State SUB,9,7/28/2022,50,0
Glennallen,State SUB,9,7/28/2022,0,0
Glennallen,State SUB,9,7/28/2022,20,0
Glennallen,State SUB,9,7/28/2022,1,0
Glennallen,State SUB,9,7/28/2022,140,2
Glennallen,State SUB,9,7/28/2022,12,0
Glennallen,Federal SUB,9,7/28/2022,77,
Glennallen,Federal SUB,9,7/28/2022,19,
Glennallen,Federal SUB,9,7/28/2022,23,
Glennallen,Federal SUB,9,7/28/2022,16,
Glennallen,Federal SUB,9,7/28/2022,2,
Glennallen,Federal SUB,9,7/28/2022,21,
Glennallen,Federal SUB,9,7/28/2022,21,
Glennallen,Federal SUB,9,7/28/2022,30,
Glennallen,Federal SUB,9,7/28/2022,32,
Glennallen,State SUB,9,7/29/2022,40,0
Glennallen,State SUB,9,7/29/2022,31,0
Glennallen,State SUB,9,7/29/2022,2,0
Glennallen,State SUB,9,7/29/2022,15,0
Glennallen,State SUB,9,7/29/2022,21,0
Glennallen,State SUB,9,7/29/2022,32,2
Glennallen,State SUB,9,7/29/2022,0,0
Glennallen,State SUB,9,7/29/2022,54,4
Glennallen,State SUB,9,7/29/2022,15,0
Glennallen,State SUB,9,7/29/2022,153,0
Glennallen,State SUB,9,7/29/2022,19,0
Glennallen,State SUB,9,7/29/2022,12,0
Glennallen,State SUB,9,7/29/2022,42,0
Glennallen,State SUB,9,7/29/2022,88,1
Glennallen,State SUB,9,7/29/2022,65,0
Glennallen,Federal SUB,9,7/29/2022,4,
Glennallen,Federal SUB,9,7/29/2022,59,
Glennallen,Federal SUB,9,7/29/2022,19,
Glennallen,Federal SUB,9,7/29/2022,7,
Glennallen,Federal SUB,9,7/29/2022,17,
Glennallen,Federal SUB,9,7/29/2022,12,
Glennallen,Federal SUB,9,7/29/2022,45,
Glennallen,State SUB,9,7/30/2022,55,2
Glennallen,State SUB,9,7/30/2022,100,0
Glennallen,State SUB,9,7/30/2022,48,0
Glennallen,State SUB,9,7/30/2022,30,0
Glennallen,State SUB,9,7/30/2022,22,0
Glennallen,State SUB,9,7/30/2022,15,0
Glennallen,State SUB,9,7/30/2022,0,0
Glennallen,State SUB,9,7/30/2022,55,0
Glennallen,State SUB,9,7/30/2022,125,3
Glennallen,State SUB,9,7/30/2022,13,0
Glennallen,State SUB,9,7/30/2022,0,0
Glennallen,State SUB,9,7/30/2022,1,0
Glennallen,State SUB,9,7/30/2022,105,0
Glennallen,State SUB,9,7/30/2022,70,0
Glennallen,State SUB,9,7/30/2022,40,4
Glennallen,Federal SUB,9,7/30/2022,30,
Glennallen,Federal SUB,9,7/30/2022,4,
Glennallen,Federal SUB,9,7/30/2022,70,
Glennallen,Federal SUB,9,7/30/2022,5,
Glennallen,Federal SUB,9,7/30/2022,8,
Glennallen,Federal SUB,9,7/30/2022,20,
Glennallen,Federal SUB,9,7/30/2022,1,
Glennallen,Federal SUB,9,7/30/2022,7,
Glennallen,Federal SUB,9,7/30/2022,12,
Glennallen,State SUB,9,7/31/2022,106,2
Glennallen,State SUB,9,7/31/2022,35,1
Glennallen,State SUB,9,7/31/2022,2,0
Glennallen,State SUB,9,7/31/2022,17,0
Glennallen,State SUB,9,7/31/2022,1,0
Glennallen,State SUB,9,7/31/2022,52,0
Glennallen,State SUB,9,7/31/2022,2,0
Glennallen,State SUB,9,7/31/2022,14,0
Glennallen,State SUB,9,7/31/2022,0,1
Glennallen,State SUB,9,7/31/2022,1,0
Glennallen,Federal SUB,9,7/31/2022,3,
Glennallen,Federal SUB,9,7/31/2022,50,
Glennallen,Federal SUB,9,7/31/2022,4,
Glennallen,Federal SUB,9,7/31/2022,3,
Glennallen,Federal SUB,9,7/31/2022,6,
Glennallen,Federal SUB,9,7/31/2022,28,
Glennallen,Federal SUB,9,7/31/2022,12,
Glennallen,Federal SUB,9,7/31/2022,1,
Glennallen,State SUB,10,8/1/2022,40,1
Glennallen,State SUB,10,8/1/2022,34,0
Glennallen,State SUB,10,8/1/2022,11,1
Glennallen,State SUB,10,8/1/2022,7,0
Glennallen,State SUB,10,8/1/2022,53,0
Glennallen,State SUB,10,8/1/2022,45,8
Glennallen,State SUB,10,8/1/2022,26,0
Glennallen,State SUB,10,8/1/2022,4,0
Glennallen,State SUB,10,8/1/2022,2,0
Glennallen,Federal SUB,10,8/1/2022,22,
Glennallen,Federal SUB,10,8/1/2022,2,
Glennallen,Federal SUB,10,8/1/2022,19,
Glennallen,Federal SUB,10,8/1/2022,26,
Glennallen,Federal SUB,10,8/1/2022,50,
Glennallen,Federal SUB,10,8/1/2022,11,
Glennallen,Federal SUB,10,8/1/2022,11,
Glennallen,Federal SUB,10,8/1/2022,2,
Glennallen,Federal SUB,10,8/1/2022,6,
Glennallen,Federal SUB,10,8/1/2022,41,
Glennallen,Federal SUB,10,8/1/2022,4,
Glennallen,Federal SUB,10,8/1/2022,20,
Glennallen,Federal SUB,10,8/1/2022,2,
Glennallen,State SUB,10,8/2/2022,164,13
Glennallen,State SUB,10,8/2/2022,71,1
Glennallen,State SUB,10,8/2/2022,0,0
Glennallen,State SUB,10,8/2/2022,0,0
Glennallen,State SUB,10,8/2/2022,5,0
Glennallen,State SUB,10,8/2/2022,36,0
Glennallen,State SUB,10,8/2/2022,17,0
Glennallen,State SUB,10,8/2/2022,17,0
Glennallen,State SUB,10,8/2/2022,20,0
Glennallen,State SUB,10,8/2/2022,25,0
Glennallen,Federal SUB,10,8/2/2022,40,
Glennallen,Federal SUB,10,8/2/2022,3,
Glennallen,Federal SUB,10,8/2/2022,26,
Glennallen,Federal SUB,10,8/2/2022,38,
Glennallen,Federal SUB,10,8/2/2022,21,
Glennallen,Federal SUB,10,8/2/2022,16,
Glennallen,Federal SUB,10,8/2/2022,8,
Glennallen,Federal SUB,10,8/2/2022,4,
Glennallen,Federal SUB,10,8/2/2022,46,
Glennallen,Federal SUB,10,8/2/2022,2,
Glennallen,State SUB,10,8/3/2022,23,1
Glennallen,State SUB,10,8/3/2022,0,0
Glennallen,State SUB,10,8/3/2022,20,0
Glennallen,State SUB,10,8/3/2022,44,0
Glennallen,State SUB,10,8/3/2022,17,0
Glennallen,Federal SUB,10,8/3/2022,22,
Glennallen,Federal SUB,10,8/3/2022,29,
Glennallen,Federal SUB,10,8/3/2022,13,
Glennallen,State SUB,10,8/4/2022,16,3
Glennallen,State SUB,10,8/4/2022,14,0
Glennallen,State SUB,10,8/4/2022,18,0
Glennallen,State SUB,10,8/4/2022,25,0
Glennallen,State SUB,10,8/4/2022,22,1
Glennallen,State SUB,10,8/4/2022,4,0
Glennallen,State SUB,10,8/4/2022,0,0
Glennallen,Federal SUB,10,8/4/2022,30,
Glennallen,Federal SUB,10,8/4/2022,22,
Glennallen,Federal SUB,10,8/4/2022,29,
Glennallen,Federal SUB,10,8/4/2022,6,
Glennallen,Federal SUB,10,8/4/2022,10,
Glennallen,Federal SUB,10,8/4/2022,18,
Glennallen,Federal SUB,10,8/4/2022,1,
Glennallen,Federal SUB,10,8/4/2022,15,
Glennallen,State SUB,10,8/5/2022,165,2
Glennallen,State SUB,10,8/5/2022,12,0
Glennallen,State SUB,10,8/5/2022,17,0
Glennallen,State SUB,10,8/5/2022,33,0
Glennallen,State SUB,10,8/5/2022,46,6
Glennallen,State SUB,10,8/5/2022,6,0
Glennallen,State SUB,10,8/5/2022,20,0
Glennallen,State SUB,10,8/5/2022,0,0
Glennallen,State SUB,10,8/5/2022,27,0
Glennallen,Federal SUB,10,8/5/2022,23,
Glennallen,Federal SUB,10,8/5/2022,26,
Glennallen,Federal SUB,10,8/5/2022,12,
Glennallen,Federal SUB,10,8/5/2022,1,
Glennallen,Federal SUB,10,8/5/2022,18,
Glennallen,State SUB,10,8/6/2022,8,2
Glennallen,State SUB,10,8/6/2022,0,0
Glennallen,State SUB,10,8/6/2022,5,0
Glennallen,State SUB,10,8/6/2022,9,3
Glennallen,State SUB,10,8/6/2022,5,0
Glennallen,State SUB,10,8/6/2022,20,0
Glennallen,State SUB,10,8/6/2022,0,0
Glennallen,State SUB,10,8/6/2022,8,0
Glennallen,Federal SUB,10,8/6/2022,1,
Glennallen,Federal SUB,10,8/6/2022,1,
Glennallen,Federal SUB,10,8/6/2022,5,
Glennallen,Federal SUB,10,8/6/2022,12,
Glennallen,State SUB,10,8/7/2022,4,0
Glennallen,State SUB,10,8/7/2022,6,0
Glennallen,State SUB,10,8/7/2022,10,2
Glennallen,State SUB,10,8/7/2022,8,2
Glennallen,State SUB,10,8/7/2022,7,0
Glennallen,State SUB,10,8/7/2022,6,0
Glennallen,State SUB,10,8/7/2022,2,0
Glennallen,State SUB,10,8/7/2022,0,0
Glennallen,State SUB,10,8/7/2022,0,0
Glennallen,Federal SUB,10,8/7/2022,50,
Glennallen,Federal SUB,10,8/7/2022,28,
Glennallen,Federal SUB,10,8/7/2022,22,
Glennallen,State SUB,11,8/8/2022,0,0
Glennallen,State SUB,11,8/8/2022,11,0
Glennallen,State SUB,11,8/8/2022,8,1
Glennallen,State SUB,11,8/8/2022,19,0
Glennallen,State SUB,11,8/8/2022,11,0
Glennallen,State SUB,11,8/8/2022,5,0
Glennallen,State SUB,11,8/8/2022,3,0
Glennallen,State SUB,11,8/8/2022,9,1
Glennallen,Federal SUB,11,8/8/2022,6,
Glennallen,Federal SUB,11,8/8/2022,19,
Glennallen,Federal SUB,11,8/8/2022,2,
Glennallen,Federal SUB,11,8/8/2022,5,
Glennallen,State SUB,11,8/9/2022,3,0
Glennallen,State SUB,11,8/9/2022,20,0
Glennallen,State SUB,11,8/9/2022,1,0
Glennallen,Federal SUB,11,8/9/2022,19,
Glennallen,State SUB,11,8/10/2022,3,0
Glennallen,State SUB,11,8/10/2022,0,0
Glennallen,State SUB,11,8/10/2022,8,0
Glennallen,State SUB,11,8/10/2022,1,0
Glennallen,Federal SUB,11,8/10/2022,9,
Glennallen,Federal SUB,11,8/10/2022,16,
Glennallen,Federal SUB,11,8/10/2022,19,
Glennallen,Federal SUB,11,8/10/2022,5,
Glennallen,Federal SUB,11,8/10/2022,11,
Glennallen,Federal SUB,11,8/10/2022,4,
Glennallen,Federal SUB,11,8/10/2022,15,
Glennallen,State SUB,11,8/11/2022,7,0
Glennallen,State SUB,11,8/11/2022,1,0
Glennallen,State SUB,11,8/11/2022,17,0
Glennallen,State SUB,11,8/11/2022,11,0
Glennallen,State SUB,11,8/11/2022,30,0
Glennallen,State SUB,11,8/11/2022,2,0
Glennallen,Federal SUB,11,8/11/2022,19,
Glennallen,Federal SUB,11,8/11/2022,11,
Glennallen,Federal SUB,11,8/11/2022,21,
Glennallen,State SUB,11,8/12/2022,7,0
Glennallen,State SUB,11,8/12/2022,9,0
Glennallen,State SUB,11,8/12/2022,25,1
Glennallen,State SUB,11,8/12/2022,10,0
Glennallen,Federal SUB,11,8/12/2022,4,
Glennallen,Federal SUB,11,8/12/2022,12,
Glennallen,Federal SUB,11,8/12/2022,18,
Glennallen,Federal SUB,11,8/12/2022,50,
Glennallen,State SUB,11,8/13/2022,30,0
Glennallen,State SUB,11,8/13/2022,19,0
Glennallen,State SUB,11,8/13/2022,53,0
Glennallen,State SUB,11,8/13/2022,2,0
Glennallen,Federal SUB,11,8/13/2022,24,
Glennallen,Federal SUB,11,8/13/2022,4,
Glennallen,Federal SUB,11,8/13/2022,13,
Glennallen,State SUB,11,8/14/2022,13,0
Glennallen,Federal SUB,11,8/14/2022,50,
Glennallen,Federal SUB,11,8/14/2022,23,
Glennallen,Federal SUB,11,8/14/2022,21,
Glennallen,Federal SUB,11,8/14/2022,5,
Glennallen,Federal SUB,11,8/14/2022,16,
Glennallen,Federal SUB,11,8/14/2022,3,
Glennallen,State SUB,12,8/15/2022,8,0
Glennallen,State SUB,12,8/15/2022,6,0
Glennallen,Federal SUB,12,8/15/2022,15,
Glennallen,Federal SUB,12,8/15/2022,28,
Glennallen,State SUB,12,8/16/2022,42,3
Glennallen,State SUB,12,8/16/2022,2,0
Glennallen,State SUB,12,8/16/2022,7,0
Glennallen,State SUB,12,8/16/2022,10,0
Glennallen,State SUB,12,8/16/2022,7,0
Glennallen,State SUB,12,8/16/2022,4,0
Glennallen,Federal SUB,12,8/16/2022,55,
Glennallen,Federal SUB,12,8/16/2022,17,
Glennallen,Federal SUB,12,8/16/2022,11,
Glennallen,State SUB,12,8/17/2022,182,2
Glennallen,State SUB,12,8/17/2022,81,0
Glennallen,State SUB,12,8/17/2022,15,0
Glennallen,State SUB,12,8/17/2022,6,0
Glennallen,Federal SUB,12,8/17/2022,32,
Glennallen,Federal SUB,12,8/17/2022,3,
Glennallen,Federal SUB,12,8/17/2022,12,
Glennallen,State SUB,12,8/18/2022,30,0
Glennallen,State SUB,12,8/18/2022,8,0
Glennallen,State SUB,12,8/18/2022,33,0
Glennallen,State SUB,12,8/18/2022,34,0
Glennallen,Federal SUB,12,8/18/2022,15,
Glennallen,Federal SUB,12,8/18/2022,9,
Glennallen,Federal SUB,12,8/18/2022,10,
Glennallen,Federal SUB,12,8/18/2022,10,
Glennallen,State SUB,12,8/19/2022,18,0
Glennallen,State SUB,12,8/19/2022,33,0
Glennallen,Federal SUB,12,8/19/2022,32,
Glennallen,Federal SUB,12,8/19/2022,13,
Glennallen,Federal SUB,12,8/19/2022,2,
Glennallen,Federal SUB,12,8/19/2022,76,
Glennallen,Federal SUB,12,8/19/2022,20,
Glennallen,State SUB,12,8/20/2022,0,0
Glennallen,State SUB,12,8/20/2022,4,0
Glennallen,State SUB,12,8/20/2022,19,0
Glennallen,Federal SUB,12,8/20/2022,10,
Glennallen,Federal SUB,12,8/20/2022,11,
Glennallen,Federal SUB,12,8/20/2022,16,
Glennallen,Federal SUB,12,8/20/2022,9,
Glennallen,State SUB,12,8/21/2022,6,0
Glennallen,State SUB,12,8/21/2022,18,1
Glennallen,State SUB,12,8/21/2022,0,0
Glennallen,State SUB,12,8/21/2022,3,0
Glennallen,State SUB,12,8/21/2022,24,0
Glennallen,Federal SUB,12,8/21/2022,5,
Glennallen,Federal SUB,12,8/21/2022,12,
Glennallen,Federal SUB,12,8/21/2022,50,
Glennallen,Federal SUB,12,8/21/2022,6,
Glennallen,State SUB,13,8/22/2022,62,0
Glennallen,State SUB,13,8/22/2022,45,0
Glennallen,State SUB,13,8/22/2022,56,0
Glennallen,State SUB,13,8/22/2022,20,0
Glennallen,Federal SUB,13,8/22/2022,10,
Glennallen,Federal SUB,13,8/22/2022,15,
Glennallen,Federal SUB,13,8/22/2022,12,
Glennallen,Federal SUB,13,8/22/2022,41,
Glennallen,Federal SUB,13,8/22/2022,11,
Glennallen,State SUB,13,8/23/2022,18,0
Glennallen,Federal SUB,13,8/23/2022,7,
Glennallen,Federal SUB,13,8/23/2022,6,
Glennallen,Federal SUB,13,8/23/2022,5,
Glennallen,Federal SUB,13,8/23/2022,5,
Glennallen,State SUB,13,8/24/2022,1,0
Glennallen,State SUB,13,8/24/2022,13,0
Glennallen,State SUB,13,8/24/2022,12,0
Glennallen,Federal SUB,13,8/24/2022,5,
Glennallen,Federal SUB,13,8/24/2022,30,
Glennallen,Federal SUB,13,8/24/2022,132,
Glennallen,Federal SUB,13,8/24/2022,10,
Glennallen,State SUB,13,8/25/2022,13,0
Glennallen,State SUB,13,8/25/2022,32,0
Glennallen,State SUB,13,8/25/2022,30,2
Glennallen,State SUB,13,8/25/2022,21,0
Glennallen,State SUB,13,8/26/2022,15,0
Glennallen,State SUB,13,8/26/2022,5,0
Glennallen,Federal SUB,13,8/26/2022,11,
Glennallen,Federal SUB,13,8/26/2022,10,
Glennallen,State SUB,13,8/27/2022,6,0
Glennallen,State SUB,13,8/27/2022,2,0
Glennallen,Federal SUB,13,8/27/2022,6,
Glennallen,State SUB,13,8/28/2022,32,0
Glennallen,State SUB,13,8/28/2022,21,0
Glennallen,Federal SUB,13,8/28/2022,35,
Glennallen,Federal SUB,13,8/28/2022,7,
Glennallen,State SUB,,8/29/2022,78,1
Glennallen,State SUB,,8/29/2022,25,0
Glennallen,State SUB,,8/29/2022,9,0
Glennallen,State SUB,,8/30/2022,3,0
Glennallen,Federal SUB,,8/30/2022,10,
Glennallen,Federal SUB,,8/30/2022,80,
Glennallen,Federal SUB,,8/30/2022,39,
Glennallen,State SUB,,8/31/2022,2,0
Glennallen,State SUB,,8/31/2022,65,17
Glennallen,State SUB,,8/31/2022,0,0
Glennallen,State SUB,,8/31/2022,2,0
Glennallen,State SUB,,8/31/2022,80,0
Glennallen,State SUB,,9/1/2022,1,0
Glennallen,Federal SUB,,9/1/2022,33,
Glennallen,Federal SUB,,9/2/2022,15,
Glennallen,State SUB,,9/3/2022,13,0
Glennallen,Federal SUB,,9/3/2022,1,
Glennallen,Federal SUB,,9/3/2022,12,
Glennallen,Federal SUB,,9/4/2022,2,
Glennallen,Federal SUB,,9/4/2022,20,
Glennallen,Federal SUB,,9/4/2022,40,
Glennallen,Federal SUB,,9/4/2022,10,
Glennallen,State SUB,,9/5/2022,10,1
Glennallen,State SUB,,9/5/2022,5,0
Glennallen,Federal SUB,,9/5/2022,8,
Glennallen,State SUB,,9/6/2022,5,0
Glennallen,Federal SUB,,9/7/2022,4,
Glennallen,State SUB,,9/8/2022,0,0
Glennallen,Federal SUB,,9/8/2022,7,
Glennallen,State SUB,,9/9/2022,0,0
Glennallen,State SUB,,9/12/2022,47,1
Glennallen,State SUB,,9/12/2022,2,0
Glennallen,State SUB,,9/13/2022,2,0
Glennallen,State SUB,,9/13/2022,0,0
Glennallen,State SUB,,9/14/2022,24,0
Glennallen,State SUB,,9/14/2022,2,0
Glennallen,State SUB,,9/15/2022,0,0
Glennallen,State SUB,,9/15/2022,2,0
Glennallen,State SUB,,9/16/2022,21,0
Glennallen,Federal SUB,,9/18/2022,22,
Glennallen,Federal SUB,,9/19/2022,16,
Glennallen,State SUB,,9/21/2022,0,0
Glennallen,State SUB,,9/21/2022,18,0
Glennallen,State SUB,,9/21/2022,40,1
Glennallen,State SUB,,9/27/2022,46,4
Glennallen,State SUB,,9/27/2022,0,0
Glennallen,State SUB,,9/30/2022,0,0
